<?xml version="1.0" encoding="UTF-8"?>
<document id="DrugDDI.d420" origId="Adenosine"><sentence id="DrugDDI.d420.s0" origId="s0" text="Intravenous Adenocard (adenosine) has been effectively administered in the presence of other cardioactive drugs, such as quinidine, beta-adrenergic blocking agents, calcium channel blocking agents, and angiotensin converting enzyme inhibitors, without any change in the adverse reaction profile."><entity id="DrugDDI.d420.s0.e0" origId="s0.p0" charOffset="12-21" type="drug" text="Adenocard"/><entity id="DrugDDI.d420.s0.e1" origId="s0.p2" charOffset="23-32" type="drug" text="adenosine"/><entity id="DrugDDI.d420.s0.e2" origId="s0.p9" charOffset="93-111" type="drug" text="cardioactive drugs"/><entity id="DrugDDI.d420.s0.e3" origId="s0.p10" charOffset="121-130" type="drug" text="quinidine"/><entity id="DrugDDI.d420.s0.e4" origId="s0.p11" charOffset="132-163" type="drug" text="beta-adrenergic blocking agents"/><entity id="DrugDDI.d420.s0.e5" origId="s0.p12" charOffset="165-196" type="drug" text="calcium channel blocking agents"/><entity id="DrugDDI.d420.s0.e6" origId="s0.p14" charOffset="202-242" type="drug" text="angiotensin converting enzyme inhibitors"/><pair id="DrugDDI.d420.s0.p0" e1="DrugDDI.d420.s0.e0" e2="DrugDDI.d420.s0.e1" interaction="false"/><pair id="DrugDDI.d420.s0.p1" e1="DrugDDI.d420.s0.e0" e2="DrugDDI.d420.s0.e2" interaction="false"/><pair id="DrugDDI.d420.s0.p2" e1="DrugDDI.d420.s0.e0" e2="DrugDDI.d420.s0.e3" interaction="false"/><pair id="DrugDDI.d420.s0.p3" e1="DrugDDI.d420.s0.e0" e2="DrugDDI.d420.s0.e4" interaction="false"/><pair id="DrugDDI.d420.s0.p4" e1="DrugDDI.d420.s0.e0" e2="DrugDDI.d420.s0.e5" interaction="false"/><pair id="DrugDDI.d420.s0.p5" e1="DrugDDI.d420.s0.e0" e2="DrugDDI.d420.s0.e6" interaction="false"/><pair id="DrugDDI.d420.s0.p6" e1="DrugDDI.d420.s0.e1" e2="DrugDDI.d420.s0.e2" interaction="false"/><pair id="DrugDDI.d420.s0.p7" e1="DrugDDI.d420.s0.e1" e2="DrugDDI.d420.s0.e3" interaction="false"/><pair id="DrugDDI.d420.s0.p8" e1="DrugDDI.d420.s0.e1" e2="DrugDDI.d420.s0.e4" interaction="false"/><pair id="DrugDDI.d420.s0.p9" e1="DrugDDI.d420.s0.e1" e2="DrugDDI.d420.s0.e5" interaction="false"/><pair id="DrugDDI.d420.s0.p10" e1="DrugDDI.d420.s0.e1" e2="DrugDDI.d420.s0.e6" interaction="false"/><pair id="DrugDDI.d420.s0.p11" e1="DrugDDI.d420.s0.e2" e2="DrugDDI.d420.s0.e3" interaction="false"/><pair id="DrugDDI.d420.s0.p12" e1="DrugDDI.d420.s0.e2" e2="DrugDDI.d420.s0.e4" interaction="false"/><pair id="DrugDDI.d420.s0.p13" e1="DrugDDI.d420.s0.e2" e2="DrugDDI.d420.s0.e5" interaction="false"/><pair id="DrugDDI.d420.s0.p14" e1="DrugDDI.d420.s0.e2" e2="DrugDDI.d420.s0.e6" interaction="false"/><pair id="DrugDDI.d420.s0.p15" e1="DrugDDI.d420.s0.e3" e2="DrugDDI.d420.s0.e4" interaction="false"/><pair id="DrugDDI.d420.s0.p16" e1="DrugDDI.d420.s0.e3" e2="DrugDDI.d420.s0.e5" interaction="false"/><pair id="DrugDDI.d420.s0.p17" e1="DrugDDI.d420.s0.e3" e2="DrugDDI.d420.s0.e6" interaction="false"/><pair id="DrugDDI.d420.s0.p18" e1="DrugDDI.d420.s0.e4" e2="DrugDDI.d420.s0.e5" interaction="false"/><pair id="DrugDDI.d420.s0.p19" e1="DrugDDI.d420.s0.e4" e2="DrugDDI.d420.s0.e6" interaction="false"/><pair id="DrugDDI.d420.s0.p20" e1="DrugDDI.d420.s0.e5" e2="DrugDDI.d420.s0.e6" interaction="false"/></sentence><sentence id="DrugDDI.d420.s1" origId="s1" text="Digoxin and verapamil use may be rarely associated with ventricular fibrillation when combined with Adenocard."><entity id="DrugDDI.d420.s1.e0" origId="s1.p17" charOffset="0-7" type="drug" text="Digoxin"/><entity id="DrugDDI.d420.s1.e1" origId="s1.p19" charOffset="12-21" type="drug" text="verapamil"/><entity id="DrugDDI.d420.s1.e2" origId="s1.p27" charOffset="100-109" type="drug" text="Adenocard"/><pair id="DrugDDI.d420.s1.p0" e1="DrugDDI.d420.s1.e0" e2="DrugDDI.d420.s1.e1" interaction="false"/><pair id="DrugDDI.d420.s1.p1" e1="DrugDDI.d420.s1.e0" e2="DrugDDI.d420.s1.e2" interaction="true"/><pair id="DrugDDI.d420.s1.p2" e1="DrugDDI.d420.s1.e1" e2="DrugDDI.d420.s1.e2" interaction="false"/></sentence><sentence id="DrugDDI.d420.s2" origId="s2" text="Because of the potential for additive or synergistic depressant effects on the SA and AV nodes, however, Adenocard should be used with caution in the presence of these agents."><entity id="DrugDDI.d420.s2.e0" origId="s2.p36" charOffset="105-114" type="drug" text="Adenocard"/></sentence><sentence id="DrugDDI.d420.s3" origId="s3" text="The use of Adenocard in patients receiving digitalis may be rarely associated with ventricular fibrillation."><entity id="DrugDDI.d420.s3.e0" origId="s3.p44" charOffset="11-20" type="drug" text="Adenocard"/><entity id="DrugDDI.d420.s3.e1" origId="s3.p47" charOffset="43-52" type="drug" text="digitalis"/><pair id="DrugDDI.d420.s3.p0" e1="DrugDDI.d420.s3.e0" e2="DrugDDI.d420.s3.e1" interaction="true"/></sentence><sentence id="DrugDDI.d420.s4" origId="s4" text="The effects of adenosine are antagonized by methylxanthines such as caffeine and theophylline."><entity id="DrugDDI.d420.s4.e0" origId="s4.p54" charOffset="15-24" type="drug" text="adenosine"/><entity id="DrugDDI.d420.s4.e1" origId="s4.p57" charOffset="44-59" type="drug" text="methylxanthines"/><entity id="DrugDDI.d420.s4.e2" origId="s4.p58" charOffset="68-76" type="drug" text="caffeine"/><entity id="DrugDDI.d420.s4.e3" origId="s4.p60" charOffset="81-93" type="drug" text="theophylline"/><pair id="DrugDDI.d420.s4.p0" e1="DrugDDI.d420.s4.e0" e2="DrugDDI.d420.s4.e1" interaction="true"/><pair id="DrugDDI.d420.s4.p1" e1="DrugDDI.d420.s4.e0" e2="DrugDDI.d420.s4.e2" interaction="true"/><pair id="DrugDDI.d420.s4.p2" e1="DrugDDI.d420.s4.e0" e2="DrugDDI.d420.s4.e3" interaction="true"/><pair id="DrugDDI.d420.s4.p3" e1="DrugDDI.d420.s4.e1" e2="DrugDDI.d420.s4.e2" interaction="false"/><pair id="DrugDDI.d420.s4.p4" e1="DrugDDI.d420.s4.e1" e2="DrugDDI.d420.s4.e3" interaction="false"/><pair id="DrugDDI.d420.s4.p5" e1="DrugDDI.d420.s4.e2" e2="DrugDDI.d420.s4.e3" interaction="false"/></sentence><sentence id="DrugDDI.d420.s5" origId="s5" text="In the presence of these methylxanthines, larger doses of adenosine may be required or adenosine may not be effective."><entity id="DrugDDI.d420.s5.e0" origId="s5.p62" charOffset="25-40" type="drug" text="methylxanthines"/><entity id="DrugDDI.d420.s5.e1" origId="s5.p64" charOffset="58-67" type="drug" text="adenosine"/><entity id="DrugDDI.d420.s5.e2" origId="s5.p69" charOffset="87-96" type="drug" text="adenosine"/><pair id="DrugDDI.d420.s5.p0" e1="DrugDDI.d420.s5.e0" e2="DrugDDI.d420.s5.e1" interaction="false"/><pair id="DrugDDI.d420.s5.p1" e1="DrugDDI.d420.s5.e0" e2="DrugDDI.d420.s5.e2" interaction="true"/><pair id="DrugDDI.d420.s5.p2" e1="DrugDDI.d420.s5.e1" e2="DrugDDI.d420.s5.e2" interaction="false"/></sentence><sentence id="DrugDDI.d420.s6" origId="s6" text="Adenosine effects are potentiated by dipyridamole."><entity id="DrugDDI.d420.s6.e0" origId="s6.p74" charOffset="0-9" type="drug" text="Adenosine"/><entity id="DrugDDI.d420.s6.e1" origId="s6.p77" charOffset="37-49" type="drug" text="dipyridamole"/><pair id="DrugDDI.d420.s6.p0" e1="DrugDDI.d420.s6.e0" e2="DrugDDI.d420.s6.e1" interaction="true"/></sentence><sentence id="DrugDDI.d420.s7" origId="s7" text="Thus, smaller doses of adenosine may be effective in the presence of dipyridamole."><entity id="DrugDDI.d420.s7.e0" origId="s7.p80" charOffset="23-32" type="drug" text="adenosine"/><entity id="DrugDDI.d420.s7.e1" origId="s7.p85" charOffset="69-81" type="drug" text="dipyridamole"/><pair id="DrugDDI.d420.s7.p0" e1="DrugDDI.d420.s7.e0" e2="DrugDDI.d420.s7.e1" interaction="true"/></sentence><sentence id="DrugDDI.d420.s8" origId="s8" text="Carbamazepine has been reported to increase the degree of heart block produced by other agents."><entity id="DrugDDI.d420.s8.e0" origId="s8.p86" charOffset="0-13" type="drug" text="Carbamazepine"/></sentence><sentence id="DrugDDI.d420.s9" origId="s9" text="As the primary effect of adenosine is to decrease conduction through the A-V node, higher degrees of heart block may be produced in the presence of carbamazepine."><entity id="DrugDDI.d420.s9.e0" origId="s9.p97" charOffset="25-34" type="drug" text="adenosine"/><entity id="DrugDDI.d420.s9.e1" origId="s9.p109" charOffset="148-161" type="drug" text="carbamazepine"/><pair id="DrugDDI.d420.s9.p0" e1="DrugDDI.d420.s9.e0" e2="DrugDDI.d420.s9.e1" interaction="false"/></sentence></document>