<?xml version="1.0" encoding="UTF-8"?>
<document id="DrugDDI.d291" origId="Alfuzosin"><sentence id="DrugDDI.d291.s0" origId="s0" text="Drug-Drug Interactions: The pharmacokinetic and pharmacodynamic interactions between UROXATRAL and other alpha-blockers have not been determined."><entity id="DrugDDI.d291.s0.e0" origId="s0.p5" charOffset="85-94" type="drug" text="UROXATRAL"/><entity id="DrugDDI.d291.s0.e1" origId="s0.p7" charOffset="105-120" type="drug" text="alpha-blockers"/><pair id="DrugDDI.d291.s0.p0" e1="DrugDDI.d291.s0.e0" e2="DrugDDI.d291.s0.e1" interaction="false"/></sentence><sentence id="DrugDDI.d291.s1" origId="s1" text="However, interactions may be expected, and UROXATRAL should NOT be used in combination with other alpha-blockers."><entity id="DrugDDI.d291.s1.e0" origId="s1.p19" charOffset="43-52" type="drug" text="UROXATRAL"/><entity id="DrugDDI.d291.s1.e1" origId="s1.p25" charOffset="98-113" type="drug" text="alpha-blockers"/><pair id="DrugDDI.d291.s1.p0" e1="DrugDDI.d291.s1.e0" e2="DrugDDI.d291.s1.e1" interaction="true"/></sentence></document>