<?xml version="1.0" encoding="UTF-8"?>
<document id="DrugDDI.d568" origId="Alprostadil"><sentence id="DrugDDI.d568.s0" origId="s0" text="Prostin VR Pediatric Sterile Solution No drug interactions have been reported between Prostin VR Pediatric and the therapy standard in neonates with restricted pulmonary or systemic blood flow."><entity id="DrugDDI.d568.s0.e0" origId="s0.p0" charOffset="0-10" type="drug" text="Prostin VR"/><entity id="DrugDDI.d568.s0.e1" origId="s0.p4" charOffset="86-96" type="drug" text="Prostin VR"/><pair id="DrugDDI.d568.s0.p0" e1="DrugDDI.d568.s0.e0" e2="DrugDDI.d568.s0.e1" interaction="false"/></sentence><sentence id="DrugDDI.d568.s1" origId="s1" text="Standard therapy includes antibiotics, such as penicillin and gentamicin;"><entity id="DrugDDI.d568.s1.e0" origId="s1.p13" charOffset="26-37" type="drug" text="antibiotics"/><entity id="DrugDDI.d568.s1.e1" origId="s1.p14" charOffset="47-57" type="drug" text="penicillin"/><entity id="DrugDDI.d568.s1.e2" origId="s1.p16" charOffset="62-72" type="drug" text="gentamicin"/><pair id="DrugDDI.d568.s1.p0" e1="DrugDDI.d568.s1.e0" e2="DrugDDI.d568.s1.e1" interaction="false"/><pair id="DrugDDI.d568.s1.p1" e1="DrugDDI.d568.s1.e0" e2="DrugDDI.d568.s1.e2" interaction="false"/><pair id="DrugDDI.d568.s1.p2" e1="DrugDDI.d568.s1.e1" e2="DrugDDI.d568.s1.e2" interaction="false"/></sentence><sentence id="DrugDDI.d568.s2" origId="s2" text="vasopressors, such as dopamine and isoproterenol;"><entity id="DrugDDI.d568.s2.e0" origId="s2.p18" charOffset="0-11" type="drug" text="vasopressor"/><entity id="DrugDDI.d568.s2.e1" origId="s2.p19" charOffset="22-30" type="drug" text="dopamine"/><entity id="DrugDDI.d568.s2.e2" origId="s2.p21" charOffset="35-48" type="drug" text="isoproterenol"/><pair id="DrugDDI.d568.s2.p0" e1="DrugDDI.d568.s2.e0" e2="DrugDDI.d568.s2.e1" interaction="false"/><pair id="DrugDDI.d568.s2.p1" e1="DrugDDI.d568.s2.e0" e2="DrugDDI.d568.s2.e2" interaction="false"/><pair id="DrugDDI.d568.s2.p2" e1="DrugDDI.d568.s2.e1" e2="DrugDDI.d568.s2.e2" interaction="false"/></sentence><sentence id="DrugDDI.d568.s3" origId="s3" text="cardiac glycosides;"><entity id="DrugDDI.d568.s3.e0" origId="s3.p23" charOffset="0-18" type="drug" text="cardiac glycosides"/></sentence><sentence id="DrugDDI.d568.s4" origId="s4" text="and diuretics, such as furosemide."><entity id="DrugDDI.d568.s4.e0" origId="s4.p26" charOffset="4-13" type="drug" text="diuretics"/><entity id="DrugDDI.d568.s4.e1" origId="s4.p27" charOffset="23-34" type="drug" text="furosemide"/><pair id="DrugDDI.d568.s4.p0" e1="DrugDDI.d568.s4.e0" e2="DrugDDI.d568.s4.e1" interaction="false"/></sentence><sentence id="DrugDDI.d568.s5" origId="s5" text="Caverject The potential for pharmacokinetic drug-drug interactions between alprostadil and other agents has not been formally studied."><entity id="DrugDDI.d568.s5.e0" origId="s5.p28" charOffset="0-9" type="drug" text="Caverject"/><entity id="DrugDDI.d568.s5.e1" origId="s5.p31" charOffset="75-86" type="drug" text="alprostadil"/><pair id="DrugDDI.d568.s5.p0" e1="DrugDDI.d568.s5.e0" e2="DrugDDI.d568.s5.e1" interaction="false"/></sentence></document>