<?xml version="1.0" encoding="UTF-8"?>
<document id="DrugDDI.d23" origId="Alprazolam"><sentence id="DrugDDI.d23.s0" origId="s0" text="The benzodiazepines, including alprazolam, produce additive CNS depressant effects when co-administered with other psychotropic medications, anticonvulsants, antihistaminics, ethanol, and other drugs which themselves produce CNS depression."><entity id="DrugDDI.d23.s0.e0" origId="s0.p0" charOffset="4-19" type="drug" text="benzodiazepines"/><entity id="DrugDDI.d23.s0.e1" origId="s0.p2" charOffset="31-41" type="drug" text="alprazolam"/><entity id="DrugDDI.d23.s0.e2" origId="s0.p4" charOffset="60-74" type="drug" text="CNS depressant"/><entity id="DrugDDI.d23.s0.e3" origId="s0.p7" charOffset="115-139" type="drug" text="psychotropic medications"/><entity id="DrugDDI.d23.s0.e4" origId="s0.p8" charOffset="141-156" type="drug" text="anticonvulsants"/><entity id="DrugDDI.d23.s0.e5" origId="s0.p9" charOffset="158-173" type="drug" text="antihistaminics"/><entity id="DrugDDI.d23.s0.e6" origId="s0.p10" charOffset="175-182" type="drug" text="ethanol"/><entity id="DrugDDI.d23.s0.e7" origId="s0.p12" charOffset="194-199" type="drug" text="drugs"/><pair id="DrugDDI.d23.s0.p0" e1="DrugDDI.d23.s0.e0" e2="DrugDDI.d23.s0.e1" interaction="false"/><pair id="DrugDDI.d23.s0.p1" e1="DrugDDI.d23.s0.e0" e2="DrugDDI.d23.s0.e2" interaction="false"/><pair id="DrugDDI.d23.s0.p2" e1="DrugDDI.d23.s0.e0" e2="DrugDDI.d23.s0.e3" interaction="true"/><pair id="DrugDDI.d23.s0.p3" e1="DrugDDI.d23.s0.e0" e2="DrugDDI.d23.s0.e4" interaction="false"/><pair id="DrugDDI.d23.s0.p4" e1="DrugDDI.d23.s0.e0" e2="DrugDDI.d23.s0.e5" interaction="false"/><pair id="DrugDDI.d23.s0.p5" e1="DrugDDI.d23.s0.e0" e2="DrugDDI.d23.s0.e6" interaction="true"/><pair id="DrugDDI.d23.s0.p6" e1="DrugDDI.d23.s0.e0" e2="DrugDDI.d23.s0.e7" interaction="true"/><pair id="DrugDDI.d23.s0.p7" e1="DrugDDI.d23.s0.e1" e2="DrugDDI.d23.s0.e2" interaction="false"/><pair id="DrugDDI.d23.s0.p8" e1="DrugDDI.d23.s0.e1" e2="DrugDDI.d23.s0.e3" interaction="false"/><pair id="DrugDDI.d23.s0.p9" e1="DrugDDI.d23.s0.e1" e2="DrugDDI.d23.s0.e4" interaction="true"/><pair id="DrugDDI.d23.s0.p10" e1="DrugDDI.d23.s0.e1" e2="DrugDDI.d23.s0.e5" interaction="false"/><pair id="DrugDDI.d23.s0.p11" e1="DrugDDI.d23.s0.e1" e2="DrugDDI.d23.s0.e6" interaction="true"/><pair id="DrugDDI.d23.s0.p12" e1="DrugDDI.d23.s0.e1" e2="DrugDDI.d23.s0.e7" interaction="false"/><pair id="DrugDDI.d23.s0.p13" e1="DrugDDI.d23.s0.e2" e2="DrugDDI.d23.s0.e3" interaction="false"/><pair id="DrugDDI.d23.s0.p14" e1="DrugDDI.d23.s0.e2" e2="DrugDDI.d23.s0.e4" interaction="false"/><pair id="DrugDDI.d23.s0.p15" e1="DrugDDI.d23.s0.e2" e2="DrugDDI.d23.s0.e5" interaction="false"/><pair id="DrugDDI.d23.s0.p16" e1="DrugDDI.d23.s0.e2" e2="DrugDDI.d23.s0.e6" interaction="false"/><pair id="DrugDDI.d23.s0.p17" e1="DrugDDI.d23.s0.e2" e2="DrugDDI.d23.s0.e7" interaction="false"/><pair id="DrugDDI.d23.s0.p18" e1="DrugDDI.d23.s0.e3" e2="DrugDDI.d23.s0.e4" interaction="false"/><pair id="DrugDDI.d23.s0.p19" e1="DrugDDI.d23.s0.e3" e2="DrugDDI.d23.s0.e5" interaction="false"/><pair id="DrugDDI.d23.s0.p20" e1="DrugDDI.d23.s0.e3" e2="DrugDDI.d23.s0.e6" interaction="false"/><pair id="DrugDDI.d23.s0.p21" e1="DrugDDI.d23.s0.e3" e2="DrugDDI.d23.s0.e7" interaction="false"/><pair id="DrugDDI.d23.s0.p22" e1="DrugDDI.d23.s0.e4" e2="DrugDDI.d23.s0.e5" interaction="false"/><pair id="DrugDDI.d23.s0.p23" e1="DrugDDI.d23.s0.e4" e2="DrugDDI.d23.s0.e6" interaction="false"/><pair id="DrugDDI.d23.s0.p24" e1="DrugDDI.d23.s0.e4" e2="DrugDDI.d23.s0.e7" interaction="false"/><pair id="DrugDDI.d23.s0.p25" e1="DrugDDI.d23.s0.e5" e2="DrugDDI.d23.s0.e6" interaction="false"/><pair id="DrugDDI.d23.s0.p26" e1="DrugDDI.d23.s0.e5" e2="DrugDDI.d23.s0.e7" interaction="false"/><pair id="DrugDDI.d23.s0.p27" e1="DrugDDI.d23.s0.e6" e2="DrugDDI.d23.s0.e7" interaction="false"/></sentence><sentence id="DrugDDI.d23.s1" origId="s1" text="The steady state plasma concentrations of imipramine and desipramine have been reported to be increased an average of 31% and 20%, respectively, by the concomitant administration of alprazolam tablets in doses up to 4 mg/day."><entity id="DrugDDI.d23.s1.e0" origId="s1.p18" charOffset="42-52" type="drug" text="imipramine"/><entity id="DrugDDI.d23.s1.e1" origId="s1.p20" charOffset="57-68" type="drug" text="desipramine"/><entity id="DrugDDI.d23.s1.e2" origId="s1.p33" charOffset="182-192" type="drug" text="alprazolam"/><pair id="DrugDDI.d23.s1.p0" e1="DrugDDI.d23.s1.e0" e2="DrugDDI.d23.s1.e1" interaction="false"/><pair id="DrugDDI.d23.s1.p1" e1="DrugDDI.d23.s1.e0" e2="DrugDDI.d23.s1.e2" interaction="true"/><pair id="DrugDDI.d23.s1.p2" e1="DrugDDI.d23.s1.e1" e2="DrugDDI.d23.s1.e2" interaction="false"/></sentence><sentence id="DrugDDI.d23.s2" origId="s2" text="The clinical significance of these changes is unknown."/><sentence id="DrugDDI.d23.s3" origId="s3" text="Drugs That Inhibit Alprazolam Metabolism Via Cytochrome P450 3A: The initial step in alprazolam metabolism is hydroxylation catalyzed by cytochrome P450 3A (CYP 3A)."><entity id="DrugDDI.d23.s3.e0" origId="s3.p41" charOffset="0-5" type="drug" text="Drugs"/><entity id="DrugDDI.d23.s3.e1" origId="s3.p44" charOffset="19-29" type="drug" text="Alprazolam"/><entity id="DrugDDI.d23.s3.e2" origId="s3.p45" charOffset="45-63" type="drug" text="Cytochrome P450 3A"/><entity id="DrugDDI.d23.s3.e3" origId="s3.p48" charOffset="85-95" type="drug" text="alprazolam"/><entity id="DrugDDI.d23.s3.e4" origId="s3.p52" charOffset="137-155" type="drug" text="cytochrome P450 3A"/><entity id="DrugDDI.d23.s3.e5" origId="s3.p54" charOffset="157-160" type="drug" text="CYP"/><pair id="DrugDDI.d23.s3.p0" e1="DrugDDI.d23.s3.e0" e2="DrugDDI.d23.s3.e1" interaction="true"/><pair id="DrugDDI.d23.s3.p1" e1="DrugDDI.d23.s3.e0" e2="DrugDDI.d23.s3.e2" interaction="false"/><pair id="DrugDDI.d23.s3.p2" e1="DrugDDI.d23.s3.e0" e2="DrugDDI.d23.s3.e3" interaction="false"/><pair id="DrugDDI.d23.s3.p3" e1="DrugDDI.d23.s3.e0" e2="DrugDDI.d23.s3.e4" interaction="false"/><pair id="DrugDDI.d23.s3.p4" e1="DrugDDI.d23.s3.e0" e2="DrugDDI.d23.s3.e5" interaction="false"/><pair id="DrugDDI.d23.s3.p5" e1="DrugDDI.d23.s3.e1" e2="DrugDDI.d23.s3.e2" interaction="false"/><pair id="DrugDDI.d23.s3.p6" e1="DrugDDI.d23.s3.e1" e2="DrugDDI.d23.s3.e3" interaction="false"/><pair id="DrugDDI.d23.s3.p7" e1="DrugDDI.d23.s3.e1" e2="DrugDDI.d23.s3.e4" interaction="false"/><pair id="DrugDDI.d23.s3.p8" e1="DrugDDI.d23.s3.e1" e2="DrugDDI.d23.s3.e5" interaction="false"/><pair id="DrugDDI.d23.s3.p9" e1="DrugDDI.d23.s3.e2" e2="DrugDDI.d23.s3.e3" interaction="false"/><pair id="DrugDDI.d23.s3.p10" e1="DrugDDI.d23.s3.e2" e2="DrugDDI.d23.s3.e4" interaction="false"/><pair id="DrugDDI.d23.s3.p11" e1="DrugDDI.d23.s3.e2" e2="DrugDDI.d23.s3.e5" interaction="false"/><pair id="DrugDDI.d23.s3.p12" e1="DrugDDI.d23.s3.e3" e2="DrugDDI.d23.s3.e4" interaction="true"/><pair id="DrugDDI.d23.s3.p13" e1="DrugDDI.d23.s3.e3" e2="DrugDDI.d23.s3.e5" interaction="false"/><pair id="DrugDDI.d23.s3.p14" e1="DrugDDI.d23.s3.e4" e2="DrugDDI.d23.s3.e5" interaction="false"/></sentence><sentence id="DrugDDI.d23.s4" origId="s4" text="Drugs which inhibit this metabolic pathway may have a profound effect on the clearance of alprazolam ."><entity id="DrugDDI.d23.s4.e0" origId="s4.p56" charOffset="0-5" type="drug" text="Drugs"/><entity id="DrugDDI.d23.s4.e1" origId="s4.p64" charOffset="90-100" type="drug" text="alprazolam"/><pair id="DrugDDI.d23.s4.p0" e1="DrugDDI.d23.s4.e0" e2="DrugDDI.d23.s4.e1" interaction="true"/></sentence><sentence id="DrugDDI.d23.s5" origId="s5" text="Drugs Demonstrated to be CYP 3A Inhibitors of Possible Clinical Significance on the Basis of Clinical Studies Involving Alprazolam (caution is recommended during coadministration with alprazolam): Fluoxetine: Coadministration of fluoxetine with alprazolam increased the maximum plasma concentration of alprazolam by 46%, decreased clearance by 21%, increased half-life by 17%, and decreased measured psychomotor performance."><entity id="DrugDDI.d23.s5.e0" origId="s5.p65" charOffset="0-5" type="drug" text="Drugs"/><entity id="DrugDDI.d23.s5.e1" origId="s5.p69" charOffset="25-28" type="drug" text="CYP"/><entity id="DrugDDI.d23.s5.e2" origId="s5.p74" charOffset="120-130" type="drug" text="Alprazolam"/><entity id="DrugDDI.d23.s5.e3" origId="s5.p80" charOffset="184-194" type="drug" text="alprazolam"/><entity id="DrugDDI.d23.s5.e4" origId="s5.p83" charOffset="197-207" type="drug" text="Fluoxetine"/><entity id="DrugDDI.d23.s5.e5" origId="s5.p86" charOffset="229-239" type="drug" text="fluoxetine"/><entity id="DrugDDI.d23.s5.e6" origId="s5.p87" charOffset="245-255" type="drug" text="alprazolam"/><entity id="DrugDDI.d23.s5.e7" origId="s5.p90" charOffset="302-312" type="drug" text="alprazolam"/><pair id="DrugDDI.d23.s5.p0" e1="DrugDDI.d23.s5.e0" e2="DrugDDI.d23.s5.e1" interaction="false"/><pair id="DrugDDI.d23.s5.p1" e1="DrugDDI.d23.s5.e0" e2="DrugDDI.d23.s5.e2" interaction="false"/><pair id="DrugDDI.d23.s5.p2" e1="DrugDDI.d23.s5.e0" e2="DrugDDI.d23.s5.e3" interaction="false"/><pair id="DrugDDI.d23.s5.p3" e1="DrugDDI.d23.s5.e0" e2="DrugDDI.d23.s5.e4" interaction="false"/><pair id="DrugDDI.d23.s5.p4" e1="DrugDDI.d23.s5.e0" e2="DrugDDI.d23.s5.e5" interaction="false"/><pair id="DrugDDI.d23.s5.p5" e1="DrugDDI.d23.s5.e0" e2="DrugDDI.d23.s5.e6" interaction="false"/><pair id="DrugDDI.d23.s5.p6" e1="DrugDDI.d23.s5.e0" e2="DrugDDI.d23.s5.e7" interaction="false"/><pair id="DrugDDI.d23.s5.p7" e1="DrugDDI.d23.s5.e1" e2="DrugDDI.d23.s5.e2" interaction="false"/><pair id="DrugDDI.d23.s5.p8" e1="DrugDDI.d23.s5.e1" e2="DrugDDI.d23.s5.e3" interaction="false"/><pair id="DrugDDI.d23.s5.p9" e1="DrugDDI.d23.s5.e1" e2="DrugDDI.d23.s5.e4" interaction="false"/><pair id="DrugDDI.d23.s5.p10" e1="DrugDDI.d23.s5.e1" e2="DrugDDI.d23.s5.e5" interaction="false"/><pair id="DrugDDI.d23.s5.p11" e1="DrugDDI.d23.s5.e1" e2="DrugDDI.d23.s5.e6" interaction="false"/><pair id="DrugDDI.d23.s5.p12" e1="DrugDDI.d23.s5.e1" e2="DrugDDI.d23.s5.e7" interaction="false"/><pair id="DrugDDI.d23.s5.p13" e1="DrugDDI.d23.s5.e2" e2="DrugDDI.d23.s5.e3" interaction="false"/><pair id="DrugDDI.d23.s5.p14" e1="DrugDDI.d23.s5.e2" e2="DrugDDI.d23.s5.e4" interaction="false"/><pair id="DrugDDI.d23.s5.p15" e1="DrugDDI.d23.s5.e2" e2="DrugDDI.d23.s5.e5" interaction="false"/><pair id="DrugDDI.d23.s5.p16" e1="DrugDDI.d23.s5.e2" e2="DrugDDI.d23.s5.e6" interaction="false"/><pair id="DrugDDI.d23.s5.p17" e1="DrugDDI.d23.s5.e2" e2="DrugDDI.d23.s5.e7" interaction="false"/><pair id="DrugDDI.d23.s5.p18" e1="DrugDDI.d23.s5.e3" e2="DrugDDI.d23.s5.e4" interaction="false"/><pair id="DrugDDI.d23.s5.p19" e1="DrugDDI.d23.s5.e3" e2="DrugDDI.d23.s5.e5" interaction="false"/><pair id="DrugDDI.d23.s5.p20" e1="DrugDDI.d23.s5.e3" e2="DrugDDI.d23.s5.e6" interaction="false"/><pair id="DrugDDI.d23.s5.p21" e1="DrugDDI.d23.s5.e3" e2="DrugDDI.d23.s5.e7" interaction="false"/><pair id="DrugDDI.d23.s5.p22" e1="DrugDDI.d23.s5.e4" e2="DrugDDI.d23.s5.e5" interaction="false"/><pair id="DrugDDI.d23.s5.p23" e1="DrugDDI.d23.s5.e4" e2="DrugDDI.d23.s5.e6" interaction="false"/><pair id="DrugDDI.d23.s5.p24" e1="DrugDDI.d23.s5.e4" e2="DrugDDI.d23.s5.e7" interaction="false"/><pair id="DrugDDI.d23.s5.p25" e1="DrugDDI.d23.s5.e5" e2="DrugDDI.d23.s5.e6" interaction="true"/><pair id="DrugDDI.d23.s5.p26" e1="DrugDDI.d23.s5.e5" e2="DrugDDI.d23.s5.e7" interaction="false"/><pair id="DrugDDI.d23.s5.p27" e1="DrugDDI.d23.s5.e6" e2="DrugDDI.d23.s5.e7" interaction="false"/></sentence><sentence id="DrugDDI.d23.s6" origId="s6" text="Propoxyphene: Coadministration of propoxyphene decreased the maximum plasma concentration of alprazolam by 6%, decreased clearance by 38%, and increased half-life by 58%."><entity id="DrugDDI.d23.s6.e0" origId="s6.p99" charOffset="0-12" type="drug" text="Propoxyphene"/><entity id="DrugDDI.d23.s6.e1" origId="s6.p102" charOffset="34-46" type="drug" text="propoxyphene"/><entity id="DrugDDI.d23.s6.e2" origId="s6.p105" charOffset="93-103" type="drug" text="alprazolam"/><pair id="DrugDDI.d23.s6.p0" e1="DrugDDI.d23.s6.e0" e2="DrugDDI.d23.s6.e1" interaction="false"/><pair id="DrugDDI.d23.s6.p1" e1="DrugDDI.d23.s6.e0" e2="DrugDDI.d23.s6.e2" interaction="false"/><pair id="DrugDDI.d23.s6.p2" e1="DrugDDI.d23.s6.e1" e2="DrugDDI.d23.s6.e2" interaction="true"/></sentence><sentence id="DrugDDI.d23.s7" origId="s7" text="Oral Contraceptives: Coadministration of oral contraceptives increased the maximum plasma concentration of alprazolam by 18%, decreased clearance by 22%, and increased half-life by 29%."><entity id="DrugDDI.d23.s7.e0" origId="s7.p112" charOffset="0-19" type="drug" text="oral contraceptives"/><entity id="DrugDDI.d23.s7.e1" origId="s7.p115" charOffset="41-60" type="drug" text="oral contraceptives"/><entity id="DrugDDI.d23.s7.e2" origId="s7.p118" charOffset="107-117" type="drug" text="alprazolam"/><pair id="DrugDDI.d23.s7.p0" e1="DrugDDI.d23.s7.e0" e2="DrugDDI.d23.s7.e1" interaction="false"/><pair id="DrugDDI.d23.s7.p1" e1="DrugDDI.d23.s7.e0" e2="DrugDDI.d23.s7.e2" interaction="false"/><pair id="DrugDDI.d23.s7.p2" e1="DrugDDI.d23.s7.e1" e2="DrugDDI.d23.s7.e2" interaction="true"/></sentence><sentence id="DrugDDI.d23.s8" origId="s8" text="Drugs and other substances demonstrated to be CYP 3A inhibitors on the basis of clinical studies involving benzodiazepines metabolized similarly to alprazolam or on the basis of in vitro studies with alprazolam or other benzodiazepines (caution is recommended during coadministration with alprazolam): Available data from clinical studies of benzodiazepines other than alprazolam suggest a possible drug interaction with alprazolam for the following: diltiazem, isoniazid, macrolide antibiotics such as erythromycin and clarithromycin, and grapefruit juice."><entity id="DrugDDI.d23.s8.e0" origId="s8.p125" charOffset="0-5" type="drug" text="Drugs"/><entity id="DrugDDI.d23.s8.e1" origId="s8.p131" charOffset="46-49" type="drug" text="CYP"/><entity id="DrugDDI.d23.s8.e2" origId="s8.p135" charOffset="107-122" type="drug" text="benzodiazepines"/><entity id="DrugDDI.d23.s8.e3" origId="s8.p138" charOffset="148-158" type="drug" text="alprazolam"/><entity id="DrugDDI.d23.s8.e4" origId="s8.p142" charOffset="200-210" type="drug" text="alprazolam"/><entity id="DrugDDI.d23.s8.e5" origId="s8.p144" charOffset="220-235" type="drug" text="benzodiazepines"/><entity id="DrugDDI.d23.s8.e6" origId="s8.p150" charOffset="289-299" type="drug" text="alprazolam"/><entity id="DrugDDI.d23.s8.e7" origId="s8.p155" charOffset="342-357" type="drug" text="benzodiazepines"/><entity id="DrugDDI.d23.s8.e8" origId="s8.p156" charOffset="369-379" type="drug" text="alprazolam"/><entity id="DrugDDI.d23.s8.e9" origId="s8.p159" charOffset="421-431" type="drug" text="alprazolam"/><entity id="DrugDDI.d23.s8.e10" origId="s8.p162" charOffset="451-460" type="drug" text="diltiazem"/><entity id="DrugDDI.d23.s8.e11" origId="s8.p163" charOffset="462-471" type="drug" text="isoniazid"/><entity id="DrugDDI.d23.s8.e12" origId="s8.p164" charOffset="473-494" type="drug" text="macrolide antibiotics"/><entity id="DrugDDI.d23.s8.e13" origId="s8.p165" charOffset="503-515" type="drug" text="erythromycin"/><entity id="DrugDDI.d23.s8.e14" origId="s8.p167" charOffset="520-534" type="drug" text="clarithromycin"/><pair id="DrugDDI.d23.s8.p0" e1="DrugDDI.d23.s8.e0" e2="DrugDDI.d23.s8.e1" interaction="false"/><pair id="DrugDDI.d23.s8.p1" e1="DrugDDI.d23.s8.e0" e2="DrugDDI.d23.s8.e2" interaction="false"/><pair id="DrugDDI.d23.s8.p2" e1="DrugDDI.d23.s8.e0" e2="DrugDDI.d23.s8.e3" interaction="false"/><pair id="DrugDDI.d23.s8.p3" e1="DrugDDI.d23.s8.e0" e2="DrugDDI.d23.s8.e4" interaction="false"/><pair id="DrugDDI.d23.s8.p4" e1="DrugDDI.d23.s8.e0" e2="DrugDDI.d23.s8.e5" interaction="false"/><pair id="DrugDDI.d23.s8.p5" e1="DrugDDI.d23.s8.e0" e2="DrugDDI.d23.s8.e6" interaction="false"/><pair id="DrugDDI.d23.s8.p6" e1="DrugDDI.d23.s8.e0" e2="DrugDDI.d23.s8.e7" interaction="false"/><pair id="DrugDDI.d23.s8.p7" e1="DrugDDI.d23.s8.e0" e2="DrugDDI.d23.s8.e8" interaction="false"/><pair id="DrugDDI.d23.s8.p8" e1="DrugDDI.d23.s8.e0" e2="DrugDDI.d23.s8.e9" interaction="false"/><pair id="DrugDDI.d23.s8.p9" e1="DrugDDI.d23.s8.e0" e2="DrugDDI.d23.s8.e10" interaction="false"/><pair id="DrugDDI.d23.s8.p10" e1="DrugDDI.d23.s8.e0" e2="DrugDDI.d23.s8.e11" interaction="false"/><pair id="DrugDDI.d23.s8.p11" e1="DrugDDI.d23.s8.e0" e2="DrugDDI.d23.s8.e12" interaction="false"/><pair id="DrugDDI.d23.s8.p12" e1="DrugDDI.d23.s8.e0" e2="DrugDDI.d23.s8.e13" interaction="false"/><pair id="DrugDDI.d23.s8.p13" e1="DrugDDI.d23.s8.e0" e2="DrugDDI.d23.s8.e14" interaction="false"/><pair id="DrugDDI.d23.s8.p14" e1="DrugDDI.d23.s8.e1" e2="DrugDDI.d23.s8.e2" interaction="false"/><pair id="DrugDDI.d23.s8.p15" e1="DrugDDI.d23.s8.e1" e2="DrugDDI.d23.s8.e3" interaction="false"/><pair id="DrugDDI.d23.s8.p16" e1="DrugDDI.d23.s8.e1" e2="DrugDDI.d23.s8.e4" interaction="false"/><pair id="DrugDDI.d23.s8.p17" e1="DrugDDI.d23.s8.e1" e2="DrugDDI.d23.s8.e5" interaction="false"/><pair id="DrugDDI.d23.s8.p18" e1="DrugDDI.d23.s8.e1" e2="DrugDDI.d23.s8.e6" interaction="false"/><pair id="DrugDDI.d23.s8.p19" e1="DrugDDI.d23.s8.e1" e2="DrugDDI.d23.s8.e7" interaction="false"/><pair id="DrugDDI.d23.s8.p20" e1="DrugDDI.d23.s8.e1" e2="DrugDDI.d23.s8.e8" interaction="false"/><pair id="DrugDDI.d23.s8.p21" e1="DrugDDI.d23.s8.e1" e2="DrugDDI.d23.s8.e9" interaction="false"/><pair id="DrugDDI.d23.s8.p22" e1="DrugDDI.d23.s8.e1" e2="DrugDDI.d23.s8.e10" interaction="false"/><pair id="DrugDDI.d23.s8.p23" e1="DrugDDI.d23.s8.e1" e2="DrugDDI.d23.s8.e11" interaction="false"/><pair id="DrugDDI.d23.s8.p24" e1="DrugDDI.d23.s8.e1" e2="DrugDDI.d23.s8.e12" interaction="false"/><pair id="DrugDDI.d23.s8.p25" e1="DrugDDI.d23.s8.e1" e2="DrugDDI.d23.s8.e13" interaction="false"/><pair id="DrugDDI.d23.s8.p26" e1="DrugDDI.d23.s8.e1" e2="DrugDDI.d23.s8.e14" interaction="false"/><pair id="DrugDDI.d23.s8.p27" e1="DrugDDI.d23.s8.e2" e2="DrugDDI.d23.s8.e3" interaction="false"/><pair id="DrugDDI.d23.s8.p28" e1="DrugDDI.d23.s8.e2" e2="DrugDDI.d23.s8.e4" interaction="false"/><pair id="DrugDDI.d23.s8.p29" e1="DrugDDI.d23.s8.e2" e2="DrugDDI.d23.s8.e5" interaction="false"/><pair id="DrugDDI.d23.s8.p30" e1="DrugDDI.d23.s8.e2" e2="DrugDDI.d23.s8.e6" interaction="false"/><pair id="DrugDDI.d23.s8.p31" e1="DrugDDI.d23.s8.e2" e2="DrugDDI.d23.s8.e7" interaction="false"/><pair id="DrugDDI.d23.s8.p32" e1="DrugDDI.d23.s8.e2" e2="DrugDDI.d23.s8.e8" interaction="false"/><pair id="DrugDDI.d23.s8.p33" e1="DrugDDI.d23.s8.e2" e2="DrugDDI.d23.s8.e9" interaction="false"/><pair id="DrugDDI.d23.s8.p34" e1="DrugDDI.d23.s8.e2" e2="DrugDDI.d23.s8.e10" interaction="false"/><pair id="DrugDDI.d23.s8.p35" e1="DrugDDI.d23.s8.e2" e2="DrugDDI.d23.s8.e11" interaction="false"/><pair id="DrugDDI.d23.s8.p36" e1="DrugDDI.d23.s8.e2" e2="DrugDDI.d23.s8.e12" interaction="false"/><pair id="DrugDDI.d23.s8.p37" e1="DrugDDI.d23.s8.e2" e2="DrugDDI.d23.s8.e13" interaction="false"/><pair id="DrugDDI.d23.s8.p38" e1="DrugDDI.d23.s8.e2" e2="DrugDDI.d23.s8.e14" interaction="false"/><pair id="DrugDDI.d23.s8.p39" e1="DrugDDI.d23.s8.e3" e2="DrugDDI.d23.s8.e4" interaction="false"/><pair id="DrugDDI.d23.s8.p40" e1="DrugDDI.d23.s8.e3" e2="DrugDDI.d23.s8.e5" interaction="false"/><pair id="DrugDDI.d23.s8.p41" e1="DrugDDI.d23.s8.e3" e2="DrugDDI.d23.s8.e6" interaction="false"/><pair id="DrugDDI.d23.s8.p42" e1="DrugDDI.d23.s8.e3" e2="DrugDDI.d23.s8.e7" interaction="false"/><pair id="DrugDDI.d23.s8.p43" e1="DrugDDI.d23.s8.e3" e2="DrugDDI.d23.s8.e8" interaction="false"/><pair id="DrugDDI.d23.s8.p44" e1="DrugDDI.d23.s8.e3" e2="DrugDDI.d23.s8.e9" interaction="false"/><pair id="DrugDDI.d23.s8.p45" e1="DrugDDI.d23.s8.e3" e2="DrugDDI.d23.s8.e10" interaction="false"/><pair id="DrugDDI.d23.s8.p46" e1="DrugDDI.d23.s8.e3" e2="DrugDDI.d23.s8.e11" interaction="false"/><pair id="DrugDDI.d23.s8.p47" e1="DrugDDI.d23.s8.e3" e2="DrugDDI.d23.s8.e12" interaction="false"/><pair id="DrugDDI.d23.s8.p48" e1="DrugDDI.d23.s8.e3" e2="DrugDDI.d23.s8.e13" interaction="false"/><pair id="DrugDDI.d23.s8.p49" e1="DrugDDI.d23.s8.e3" e2="DrugDDI.d23.s8.e14" interaction="false"/><pair id="DrugDDI.d23.s8.p50" e1="DrugDDI.d23.s8.e4" e2="DrugDDI.d23.s8.e5" interaction="false"/><pair id="DrugDDI.d23.s8.p51" e1="DrugDDI.d23.s8.e4" e2="DrugDDI.d23.s8.e6" interaction="false"/><pair id="DrugDDI.d23.s8.p52" e1="DrugDDI.d23.s8.e4" e2="DrugDDI.d23.s8.e7" interaction="false"/><pair id="DrugDDI.d23.s8.p53" e1="DrugDDI.d23.s8.e4" e2="DrugDDI.d23.s8.e8" interaction="false"/><pair id="DrugDDI.d23.s8.p54" e1="DrugDDI.d23.s8.e4" e2="DrugDDI.d23.s8.e9" interaction="false"/><pair id="DrugDDI.d23.s8.p55" e1="DrugDDI.d23.s8.e4" e2="DrugDDI.d23.s8.e10" interaction="false"/><pair id="DrugDDI.d23.s8.p56" e1="DrugDDI.d23.s8.e4" e2="DrugDDI.d23.s8.e11" interaction="false"/><pair id="DrugDDI.d23.s8.p57" e1="DrugDDI.d23.s8.e4" e2="DrugDDI.d23.s8.e12" interaction="false"/><pair id="DrugDDI.d23.s8.p58" e1="DrugDDI.d23.s8.e4" e2="DrugDDI.d23.s8.e13" interaction="false"/><pair id="DrugDDI.d23.s8.p59" e1="DrugDDI.d23.s8.e4" e2="DrugDDI.d23.s8.e14" interaction="false"/><pair id="DrugDDI.d23.s8.p60" e1="DrugDDI.d23.s8.e5" e2="DrugDDI.d23.s8.e6" interaction="false"/><pair id="DrugDDI.d23.s8.p61" e1="DrugDDI.d23.s8.e5" e2="DrugDDI.d23.s8.e7" interaction="false"/><pair id="DrugDDI.d23.s8.p62" e1="DrugDDI.d23.s8.e5" e2="DrugDDI.d23.s8.e8" interaction="false"/><pair id="DrugDDI.d23.s8.p63" e1="DrugDDI.d23.s8.e5" e2="DrugDDI.d23.s8.e9" interaction="false"/><pair id="DrugDDI.d23.s8.p64" e1="DrugDDI.d23.s8.e5" e2="DrugDDI.d23.s8.e10" interaction="false"/><pair id="DrugDDI.d23.s8.p65" e1="DrugDDI.d23.s8.e5" e2="DrugDDI.d23.s8.e11" interaction="false"/><pair id="DrugDDI.d23.s8.p66" e1="DrugDDI.d23.s8.e5" e2="DrugDDI.d23.s8.e12" interaction="false"/><pair id="DrugDDI.d23.s8.p67" e1="DrugDDI.d23.s8.e5" e2="DrugDDI.d23.s8.e13" interaction="false"/><pair id="DrugDDI.d23.s8.p68" e1="DrugDDI.d23.s8.e5" e2="DrugDDI.d23.s8.e14" interaction="false"/><pair id="DrugDDI.d23.s8.p69" e1="DrugDDI.d23.s8.e6" e2="DrugDDI.d23.s8.e7" interaction="false"/><pair id="DrugDDI.d23.s8.p70" e1="DrugDDI.d23.s8.e6" e2="DrugDDI.d23.s8.e8" interaction="false"/><pair id="DrugDDI.d23.s8.p71" e1="DrugDDI.d23.s8.e6" e2="DrugDDI.d23.s8.e9" interaction="false"/><pair id="DrugDDI.d23.s8.p72" e1="DrugDDI.d23.s8.e6" e2="DrugDDI.d23.s8.e10" interaction="false"/><pair id="DrugDDI.d23.s8.p73" e1="DrugDDI.d23.s8.e6" e2="DrugDDI.d23.s8.e11" interaction="false"/><pair id="DrugDDI.d23.s8.p74" e1="DrugDDI.d23.s8.e6" e2="DrugDDI.d23.s8.e12" interaction="false"/><pair id="DrugDDI.d23.s8.p75" e1="DrugDDI.d23.s8.e6" e2="DrugDDI.d23.s8.e13" interaction="false"/><pair id="DrugDDI.d23.s8.p76" e1="DrugDDI.d23.s8.e6" e2="DrugDDI.d23.s8.e14" interaction="false"/><pair id="DrugDDI.d23.s8.p77" e1="DrugDDI.d23.s8.e7" e2="DrugDDI.d23.s8.e8" interaction="true"/><pair id="DrugDDI.d23.s8.p78" e1="DrugDDI.d23.s8.e7" e2="DrugDDI.d23.s8.e9" interaction="false"/><pair id="DrugDDI.d23.s8.p79" e1="DrugDDI.d23.s8.e7" e2="DrugDDI.d23.s8.e10" interaction="false"/><pair id="DrugDDI.d23.s8.p80" e1="DrugDDI.d23.s8.e7" e2="DrugDDI.d23.s8.e11" interaction="false"/><pair id="DrugDDI.d23.s8.p81" e1="DrugDDI.d23.s8.e7" e2="DrugDDI.d23.s8.e12" interaction="false"/><pair id="DrugDDI.d23.s8.p82" e1="DrugDDI.d23.s8.e7" e2="DrugDDI.d23.s8.e13" interaction="false"/><pair id="DrugDDI.d23.s8.p83" e1="DrugDDI.d23.s8.e7" e2="DrugDDI.d23.s8.e14" interaction="false"/><pair id="DrugDDI.d23.s8.p84" e1="DrugDDI.d23.s8.e8" e2="DrugDDI.d23.s8.e9" interaction="false"/><pair id="DrugDDI.d23.s8.p85" e1="DrugDDI.d23.s8.e8" e2="DrugDDI.d23.s8.e10" interaction="false"/><pair id="DrugDDI.d23.s8.p86" e1="DrugDDI.d23.s8.e8" e2="DrugDDI.d23.s8.e11" interaction="false"/><pair id="DrugDDI.d23.s8.p87" e1="DrugDDI.d23.s8.e8" e2="DrugDDI.d23.s8.e12" interaction="false"/><pair id="DrugDDI.d23.s8.p88" e1="DrugDDI.d23.s8.e8" e2="DrugDDI.d23.s8.e13" interaction="false"/><pair id="DrugDDI.d23.s8.p89" e1="DrugDDI.d23.s8.e8" e2="DrugDDI.d23.s8.e14" interaction="false"/><pair id="DrugDDI.d23.s8.p90" e1="DrugDDI.d23.s8.e9" e2="DrugDDI.d23.s8.e10" interaction="false"/><pair id="DrugDDI.d23.s8.p91" e1="DrugDDI.d23.s8.e9" e2="DrugDDI.d23.s8.e11" interaction="false"/><pair id="DrugDDI.d23.s8.p92" e1="DrugDDI.d23.s8.e9" e2="DrugDDI.d23.s8.e12" interaction="false"/><pair id="DrugDDI.d23.s8.p93" e1="DrugDDI.d23.s8.e9" e2="DrugDDI.d23.s8.e13" interaction="false"/><pair id="DrugDDI.d23.s8.p94" e1="DrugDDI.d23.s8.e9" e2="DrugDDI.d23.s8.e14" interaction="false"/><pair id="DrugDDI.d23.s8.p95" e1="DrugDDI.d23.s8.e10" e2="DrugDDI.d23.s8.e11" interaction="false"/><pair id="DrugDDI.d23.s8.p96" e1="DrugDDI.d23.s8.e10" e2="DrugDDI.d23.s8.e12" interaction="false"/><pair id="DrugDDI.d23.s8.p97" e1="DrugDDI.d23.s8.e10" e2="DrugDDI.d23.s8.e13" interaction="false"/><pair id="DrugDDI.d23.s8.p98" e1="DrugDDI.d23.s8.e10" e2="DrugDDI.d23.s8.e14" interaction="false"/><pair id="DrugDDI.d23.s8.p99" e1="DrugDDI.d23.s8.e11" e2="DrugDDI.d23.s8.e12" interaction="false"/><pair id="DrugDDI.d23.s8.p100" e1="DrugDDI.d23.s8.e11" e2="DrugDDI.d23.s8.e13" interaction="false"/><pair id="DrugDDI.d23.s8.p101" e1="DrugDDI.d23.s8.e11" e2="DrugDDI.d23.s8.e14" interaction="false"/><pair id="DrugDDI.d23.s8.p102" e1="DrugDDI.d23.s8.e12" e2="DrugDDI.d23.s8.e13" interaction="false"/><pair id="DrugDDI.d23.s8.p103" e1="DrugDDI.d23.s8.e12" e2="DrugDDI.d23.s8.e14" interaction="false"/><pair id="DrugDDI.d23.s8.p104" e1="DrugDDI.d23.s8.e13" e2="DrugDDI.d23.s8.e14" interaction="false"/></sentence><sentence id="DrugDDI.d23.s9" origId="s9" text="Data from in vitro studies of alprazolam suggest a possible drug interaction with alprazolam for the following: sertraline and paroxetine."><entity id="DrugDDI.d23.s9.e0" origId="s9.p172" charOffset="30-40" type="drug" text="alprazolam"/><entity id="DrugDDI.d23.s9.e1" origId="s9.p175" charOffset="82-92" type="drug" text="alprazolam"/><entity id="DrugDDI.d23.s9.e2" origId="s9.p178" charOffset="112-122" type="drug" text="sertraline"/><entity id="DrugDDI.d23.s9.e3" origId="s9.p180" charOffset="127-137" type="drug" text="paroxetine"/><pair id="DrugDDI.d23.s9.p0" e1="DrugDDI.d23.s9.e0" e2="DrugDDI.d23.s9.e1" interaction="false"/><pair id="DrugDDI.d23.s9.p1" e1="DrugDDI.d23.s9.e0" e2="DrugDDI.d23.s9.e2" interaction="false"/><pair id="DrugDDI.d23.s9.p2" e1="DrugDDI.d23.s9.e0" e2="DrugDDI.d23.s9.e3" interaction="false"/><pair id="DrugDDI.d23.s9.p3" e1="DrugDDI.d23.s9.e1" e2="DrugDDI.d23.s9.e2" interaction="false"/><pair id="DrugDDI.d23.s9.p4" e1="DrugDDI.d23.s9.e1" e2="DrugDDI.d23.s9.e3" interaction="false"/><pair id="DrugDDI.d23.s9.p5" e1="DrugDDI.d23.s9.e2" e2="DrugDDI.d23.s9.e3" interaction="false"/></sentence><sentence id="DrugDDI.d23.s10" origId="s10" text="Data from in vitro studies of benzodiazepines other than alprazolam suggest a possible drug interaction for the following: ergotamine, cyclosporine, amiodarone, nicardipine, and nifedipine."><entity id="DrugDDI.d23.s10.e0" origId="s10.p183" charOffset="30-45" type="drug" text="benzodiazepines"/><entity id="DrugDDI.d23.s10.e1" origId="s10.p184" charOffset="57-67" type="drug" text="alprazolam"/><entity id="DrugDDI.d23.s10.e2" origId="s10.p189" charOffset="123-133" type="drug" text="ergotamine"/><entity id="DrugDDI.d23.s10.e3" origId="s10.p190" charOffset="135-147" type="drug" text="cyclosporine"/><entity id="DrugDDI.d23.s10.e4" origId="s10.p191" charOffset="149-159" type="drug" text="amiodarone"/><entity id="DrugDDI.d23.s10.e5" origId="s10.p192" charOffset="161-172" type="drug" text="nicardipine"/><entity id="DrugDDI.d23.s10.e6" origId="s10.p194" charOffset="178-188" type="drug" text="nifedipine"/><pair id="DrugDDI.d23.s10.p0" e1="DrugDDI.d23.s10.e0" e2="DrugDDI.d23.s10.e1" interaction="false"/><pair id="DrugDDI.d23.s10.p1" e1="DrugDDI.d23.s10.e0" e2="DrugDDI.d23.s10.e2" interaction="false"/><pair id="DrugDDI.d23.s10.p2" e1="DrugDDI.d23.s10.e0" e2="DrugDDI.d23.s10.e3" interaction="false"/><pair id="DrugDDI.d23.s10.p3" e1="DrugDDI.d23.s10.e0" e2="DrugDDI.d23.s10.e4" interaction="false"/><pair id="DrugDDI.d23.s10.p4" e1="DrugDDI.d23.s10.e0" e2="DrugDDI.d23.s10.e5" interaction="false"/><pair id="DrugDDI.d23.s10.p5" e1="DrugDDI.d23.s10.e0" e2="DrugDDI.d23.s10.e6" interaction="false"/><pair id="DrugDDI.d23.s10.p6" e1="DrugDDI.d23.s10.e1" e2="DrugDDI.d23.s10.e2" interaction="false"/><pair id="DrugDDI.d23.s10.p7" e1="DrugDDI.d23.s10.e1" e2="DrugDDI.d23.s10.e3" interaction="false"/><pair id="DrugDDI.d23.s10.p8" e1="DrugDDI.d23.s10.e1" e2="DrugDDI.d23.s10.e4" interaction="false"/><pair id="DrugDDI.d23.s10.p9" e1="DrugDDI.d23.s10.e1" e2="DrugDDI.d23.s10.e5" interaction="false"/><pair id="DrugDDI.d23.s10.p10" e1="DrugDDI.d23.s10.e1" e2="DrugDDI.d23.s10.e6" interaction="false"/><pair id="DrugDDI.d23.s10.p11" e1="DrugDDI.d23.s10.e2" e2="DrugDDI.d23.s10.e3" interaction="false"/><pair id="DrugDDI.d23.s10.p12" e1="DrugDDI.d23.s10.e2" e2="DrugDDI.d23.s10.e4" interaction="false"/><pair id="DrugDDI.d23.s10.p13" e1="DrugDDI.d23.s10.e2" e2="DrugDDI.d23.s10.e5" interaction="false"/><pair id="DrugDDI.d23.s10.p14" e1="DrugDDI.d23.s10.e2" e2="DrugDDI.d23.s10.e6" interaction="false"/><pair id="DrugDDI.d23.s10.p15" e1="DrugDDI.d23.s10.e3" e2="DrugDDI.d23.s10.e4" interaction="false"/><pair id="DrugDDI.d23.s10.p16" e1="DrugDDI.d23.s10.e3" e2="DrugDDI.d23.s10.e5" interaction="false"/><pair id="DrugDDI.d23.s10.p17" e1="DrugDDI.d23.s10.e3" e2="DrugDDI.d23.s10.e6" interaction="false"/><pair id="DrugDDI.d23.s10.p18" e1="DrugDDI.d23.s10.e4" e2="DrugDDI.d23.s10.e5" interaction="false"/><pair id="DrugDDI.d23.s10.p19" e1="DrugDDI.d23.s10.e4" e2="DrugDDI.d23.s10.e6" interaction="false"/><pair id="DrugDDI.d23.s10.p20" e1="DrugDDI.d23.s10.e5" e2="DrugDDI.d23.s10.e6" interaction="false"/></sentence><sentence id="DrugDDI.d23.s11" origId="s11" text="Caution is recommended during the coadministration of any of these with alprazolam."><entity id="DrugDDI.d23.s11.e0" origId="s11.p200" charOffset="72-82" type="drug" text="alprazolam"/></sentence></document>