<?xml version="1.0" encoding="UTF-8"?>
<document id="DrugDDI.d302" origId="Aminoglutethimide"><sentence id="DrugDDI.d302.s0" origId="s0" text="Cytadren accelerates the metabolism of dexamethasone;"><entity id="DrugDDI.d302.s0.e0" origId="s0.p0" charOffset="0-8" type="drug" text="Cytadren"/><entity id="DrugDDI.d302.s0.e1" origId="s0.p3" charOffset="39-52" type="drug" text="dexamethasone"/><pair id="DrugDDI.d302.s0.p0" e1="DrugDDI.d302.s0.e0" e2="DrugDDI.d302.s0.e1" interaction="true"/></sentence><sentence id="DrugDDI.d302.s1" origId="s1" text="therefore, if glucocorticoid replacement is needed, hydrocortisone should be prescribed."><entity id="DrugDDI.d302.s1.e0" origId="s1.p11" charOffset="52-66" type="drug" text="hydrocortisone"/></sentence><sentence id="DrugDDI.d302.s2" origId="s2" text="Aminoglutethimide diminishes the effect of coumarin and warfarin."><entity id="DrugDDI.d302.s2.e0" origId="s2.p15" charOffset="0-17" type="drug" text="Aminoglutethimide"/><entity id="DrugDDI.d302.s2.e1" origId="s2.p18" charOffset="43-51" type="drug" text="coumarin"/><entity id="DrugDDI.d302.s2.e2" origId="s2.p20" charOffset="56-64" type="drug" text="warfarin"/><pair id="DrugDDI.d302.s2.p0" e1="DrugDDI.d302.s2.e0" e2="DrugDDI.d302.s2.e1" interaction="true"/><pair id="DrugDDI.d302.s2.p1" e1="DrugDDI.d302.s2.e0" e2="DrugDDI.d302.s2.e2" interaction="false"/><pair id="DrugDDI.d302.s2.p2" e1="DrugDDI.d302.s2.e1" e2="DrugDDI.d302.s2.e2" interaction="false"/></sentence></document>