<?xml version="1.0" encoding="UTF-8"?>
<document id="DrugDDI.d115" origId="Aripiprazole"><sentence id="DrugDDI.d115.s0" origId="s0" text="Drug-Drug Interactions Given the primary CNS effects of aripiprazole, caution should be used when ABILIFY is taken in combination with other centrally acting drugs and alcohol."><entity id="DrugDDI.d115.s0.e0" origId="s0.p3" charOffset="56-68" type="drug" text="aripiprazole"/><entity id="DrugDDI.d115.s0.e1" origId="s0.p9" charOffset="98-105" type="drug" text="ABILIFY"/><entity id="DrugDDI.d115.s0.e2" origId="s0.p13" charOffset="141-163" type="drug" text="centrally acting drugs"/><entity id="DrugDDI.d115.s0.e3" origId="s0.p15" charOffset="168-175" type="drug" text="alcohol"/><pair id="DrugDDI.d115.s0.p0" e1="DrugDDI.d115.s0.e0" e2="DrugDDI.d115.s0.e1" interaction="false"/><pair id="DrugDDI.d115.s0.p1" e1="DrugDDI.d115.s0.e0" e2="DrugDDI.d115.s0.e2" interaction="false"/><pair id="DrugDDI.d115.s0.p2" e1="DrugDDI.d115.s0.e0" e2="DrugDDI.d115.s0.e3" interaction="false"/><pair id="DrugDDI.d115.s0.p3" e1="DrugDDI.d115.s0.e1" e2="DrugDDI.d115.s0.e2" interaction="true"/><pair id="DrugDDI.d115.s0.p4" e1="DrugDDI.d115.s0.e1" e2="DrugDDI.d115.s0.e3" interaction="false"/><pair id="DrugDDI.d115.s0.p5" e1="DrugDDI.d115.s0.e2" e2="DrugDDI.d115.s0.e3" interaction="false"/></sentence><sentence id="DrugDDI.d115.s1" origId="s1" text="Due to its ?"/><sentence id="DrugDDI.d115.s2" origId="s2" text="1- adrenergic receptor antagonism, aripiprazole has the potential to enhance the effect of certain antihypertensive agents."><entity id="DrugDDI.d115.s2.e0" origId="s2.p17" charOffset="0-34" type="drug" text="1- adrenergic receptor antagonism"/><entity id="DrugDDI.d115.s2.e1" origId="s2.p18" charOffset="35-47" type="drug" text="aripiprazole"/><entity id="DrugDDI.d115.s2.e2" origId="s2.p23" charOffset="99-122" type="drug" text="antihypertensive agents"/><pair id="DrugDDI.d115.s2.p0" e1="DrugDDI.d115.s2.e0" e2="DrugDDI.d115.s2.e1" interaction="false"/><pair id="DrugDDI.d115.s2.p1" e1="DrugDDI.d115.s2.e0" e2="DrugDDI.d115.s2.e2" interaction="false"/><pair id="DrugDDI.d115.s2.p2" e1="DrugDDI.d115.s2.e1" e2="DrugDDI.d115.s2.e2" interaction="true"/></sentence><sentence id="DrugDDI.d115.s3" origId="s3" text="Potential for Other Drugs to Affect ABILIFY Aripiprazole is not a substrate of CYP1A1, CYP1A2, CYP2A6, CYP2B6, CYP2C8, CYP2C9, CYP2C19, or CYP2E1 enzymes."><entity id="DrugDDI.d115.s3.e0" origId="s3.p25" charOffset="20-25" type="drug" text="Drugs"/><entity id="DrugDDI.d115.s3.e1" origId="s3.p27" charOffset="36-43" type="drug" text="ABILIFY"/><entity id="DrugDDI.d115.s3.e2" origId="s3.p30" charOffset="79-85" type="drug" text="CYP1A1"/><entity id="DrugDDI.d115.s3.e3" origId="s3.p31" charOffset="87-93" type="drug" text="CYP1A2"/><entity id="DrugDDI.d115.s3.e4" origId="s3.p32" charOffset="95-101" type="drug" text="CYP2A6"/><entity id="DrugDDI.d115.s3.e5" origId="s3.p33" charOffset="103-109" type="drug" text="CYP2B6"/><entity id="DrugDDI.d115.s3.e6" origId="s3.p34" charOffset="111-117" type="drug" text="CYP2C8"/><entity id="DrugDDI.d115.s3.e7" origId="s3.p35" charOffset="119-125" type="drug" text="CYP2C9"/><entity id="DrugDDI.d115.s3.e8" origId="s3.p36" charOffset="127-134" type="drug" text="CYP2C19"/><entity id="DrugDDI.d115.s3.e9" origId="s3.p38" charOffset="139-145" type="drug" text="CYP2E1"/><pair id="DrugDDI.d115.s3.p0" e1="DrugDDI.d115.s3.e0" e2="DrugDDI.d115.s3.e1" interaction="false"/><pair id="DrugDDI.d115.s3.p1" e1="DrugDDI.d115.s3.e0" e2="DrugDDI.d115.s3.e2" interaction="false"/><pair id="DrugDDI.d115.s3.p2" e1="DrugDDI.d115.s3.e0" e2="DrugDDI.d115.s3.e3" interaction="false"/><pair id="DrugDDI.d115.s3.p3" e1="DrugDDI.d115.s3.e0" e2="DrugDDI.d115.s3.e4" interaction="false"/><pair id="DrugDDI.d115.s3.p4" e1="DrugDDI.d115.s3.e0" e2="DrugDDI.d115.s3.e5" interaction="false"/><pair id="DrugDDI.d115.s3.p5" e1="DrugDDI.d115.s3.e0" e2="DrugDDI.d115.s3.e6" interaction="false"/><pair id="DrugDDI.d115.s3.p6" e1="DrugDDI.d115.s3.e0" e2="DrugDDI.d115.s3.e7" interaction="false"/><pair id="DrugDDI.d115.s3.p7" e1="DrugDDI.d115.s3.e0" e2="DrugDDI.d115.s3.e8" interaction="false"/><pair id="DrugDDI.d115.s3.p8" e1="DrugDDI.d115.s3.e0" e2="DrugDDI.d115.s3.e9" interaction="false"/><pair id="DrugDDI.d115.s3.p9" e1="DrugDDI.d115.s3.e1" e2="DrugDDI.d115.s3.e2" interaction="false"/><pair id="DrugDDI.d115.s3.p10" e1="DrugDDI.d115.s3.e1" e2="DrugDDI.d115.s3.e3" interaction="false"/><pair id="DrugDDI.d115.s3.p11" e1="DrugDDI.d115.s3.e1" e2="DrugDDI.d115.s3.e4" interaction="false"/><pair id="DrugDDI.d115.s3.p12" e1="DrugDDI.d115.s3.e1" e2="DrugDDI.d115.s3.e5" interaction="false"/><pair id="DrugDDI.d115.s3.p13" e1="DrugDDI.d115.s3.e1" e2="DrugDDI.d115.s3.e6" interaction="false"/><pair id="DrugDDI.d115.s3.p14" e1="DrugDDI.d115.s3.e1" e2="DrugDDI.d115.s3.e7" interaction="false"/><pair id="DrugDDI.d115.s3.p15" e1="DrugDDI.d115.s3.e1" e2="DrugDDI.d115.s3.e8" interaction="false"/><pair id="DrugDDI.d115.s3.p16" e1="DrugDDI.d115.s3.e1" e2="DrugDDI.d115.s3.e9" interaction="false"/><pair id="DrugDDI.d115.s3.p17" e1="DrugDDI.d115.s3.e2" e2="DrugDDI.d115.s3.e3" interaction="false"/><pair id="DrugDDI.d115.s3.p18" e1="DrugDDI.d115.s3.e2" e2="DrugDDI.d115.s3.e4" interaction="false"/><pair id="DrugDDI.d115.s3.p19" e1="DrugDDI.d115.s3.e2" e2="DrugDDI.d115.s3.e5" interaction="false"/><pair id="DrugDDI.d115.s3.p20" e1="DrugDDI.d115.s3.e2" e2="DrugDDI.d115.s3.e6" interaction="false"/><pair id="DrugDDI.d115.s3.p21" e1="DrugDDI.d115.s3.e2" e2="DrugDDI.d115.s3.e7" interaction="false"/><pair id="DrugDDI.d115.s3.p22" e1="DrugDDI.d115.s3.e2" e2="DrugDDI.d115.s3.e8" interaction="false"/><pair id="DrugDDI.d115.s3.p23" e1="DrugDDI.d115.s3.e2" e2="DrugDDI.d115.s3.e9" interaction="false"/><pair id="DrugDDI.d115.s3.p24" e1="DrugDDI.d115.s3.e3" e2="DrugDDI.d115.s3.e4" interaction="false"/><pair id="DrugDDI.d115.s3.p25" e1="DrugDDI.d115.s3.e3" e2="DrugDDI.d115.s3.e5" interaction="false"/><pair id="DrugDDI.d115.s3.p26" e1="DrugDDI.d115.s3.e3" e2="DrugDDI.d115.s3.e6" interaction="false"/><pair id="DrugDDI.d115.s3.p27" e1="DrugDDI.d115.s3.e3" e2="DrugDDI.d115.s3.e7" interaction="false"/><pair id="DrugDDI.d115.s3.p28" e1="DrugDDI.d115.s3.e3" e2="DrugDDI.d115.s3.e8" interaction="false"/><pair id="DrugDDI.d115.s3.p29" e1="DrugDDI.d115.s3.e3" e2="DrugDDI.d115.s3.e9" interaction="false"/><pair id="DrugDDI.d115.s3.p30" e1="DrugDDI.d115.s3.e4" e2="DrugDDI.d115.s3.e5" interaction="false"/><pair id="DrugDDI.d115.s3.p31" e1="DrugDDI.d115.s3.e4" e2="DrugDDI.d115.s3.e6" interaction="false"/><pair id="DrugDDI.d115.s3.p32" e1="DrugDDI.d115.s3.e4" e2="DrugDDI.d115.s3.e7" interaction="false"/><pair id="DrugDDI.d115.s3.p33" e1="DrugDDI.d115.s3.e4" e2="DrugDDI.d115.s3.e8" interaction="false"/><pair id="DrugDDI.d115.s3.p34" e1="DrugDDI.d115.s3.e4" e2="DrugDDI.d115.s3.e9" interaction="false"/><pair id="DrugDDI.d115.s3.p35" e1="DrugDDI.d115.s3.e5" e2="DrugDDI.d115.s3.e6" interaction="false"/><pair id="DrugDDI.d115.s3.p36" e1="DrugDDI.d115.s3.e5" e2="DrugDDI.d115.s3.e7" interaction="false"/><pair id="DrugDDI.d115.s3.p37" e1="DrugDDI.d115.s3.e5" e2="DrugDDI.d115.s3.e8" interaction="false"/><pair id="DrugDDI.d115.s3.p38" e1="DrugDDI.d115.s3.e5" e2="DrugDDI.d115.s3.e9" interaction="false"/><pair id="DrugDDI.d115.s3.p39" e1="DrugDDI.d115.s3.e6" e2="DrugDDI.d115.s3.e7" interaction="false"/><pair id="DrugDDI.d115.s3.p40" e1="DrugDDI.d115.s3.e6" e2="DrugDDI.d115.s3.e8" interaction="false"/><pair id="DrugDDI.d115.s3.p41" e1="DrugDDI.d115.s3.e6" e2="DrugDDI.d115.s3.e9" interaction="false"/><pair id="DrugDDI.d115.s3.p42" e1="DrugDDI.d115.s3.e7" e2="DrugDDI.d115.s3.e8" interaction="false"/><pair id="DrugDDI.d115.s3.p43" e1="DrugDDI.d115.s3.e7" e2="DrugDDI.d115.s3.e9" interaction="false"/><pair id="DrugDDI.d115.s3.p44" e1="DrugDDI.d115.s3.e8" e2="DrugDDI.d115.s3.e9" interaction="false"/></sentence><sentence id="DrugDDI.d115.s4" origId="s4" text="Aripiprazole also does not undergo direct glucuronidation."><entity id="DrugDDI.d115.s4.e0" origId="s4.p39" charOffset="0-12" type="drug" text="Aripiprazole"/></sentence><sentence id="DrugDDI.d115.s5" origId="s5" text="This suggests that an interaction of aripiprazole with inhibitors or inducers of these enzymes, or other factors, like smoking, is unlikely."><entity id="DrugDDI.d115.s5.e0" origId="s5.p47" charOffset="37-49" type="drug" text="aripiprazole"/></sentence><sentence id="DrugDDI.d115.s6" origId="s6" text="Both CYP3A4 and CYP2D6 are responsible for aripiprazole metabolism."><entity id="DrugDDI.d115.s6.e0" origId="s6.p58" charOffset="5-11" type="drug" text="CYP3A4"/><entity id="DrugDDI.d115.s6.e1" origId="s6.p60" charOffset="16-22" type="drug" text="CYP2D6"/><entity id="DrugDDI.d115.s6.e2" origId="s6.p63" charOffset="43-55" type="drug" text="aripiprazole"/><pair id="DrugDDI.d115.s6.p0" e1="DrugDDI.d115.s6.e0" e2="DrugDDI.d115.s6.e1" interaction="false"/><pair id="DrugDDI.d115.s6.p1" e1="DrugDDI.d115.s6.e0" e2="DrugDDI.d115.s6.e2" interaction="true"/><pair id="DrugDDI.d115.s6.p2" e1="DrugDDI.d115.s6.e1" e2="DrugDDI.d115.s6.e2" interaction="false"/></sentence><sentence id="DrugDDI.d115.s7" origId="s7" text="Agents that induce CYP3A4 (eg, carbamazepine) could cause an increase in aripiprazole clearance and lower blood levels."><entity id="DrugDDI.d115.s7.e0" origId="s7.p67" charOffset="19-25" type="drug" text="CYP3A4"/><entity id="DrugDDI.d115.s7.e1" origId="s7.p70" charOffset="31-44" type="drug" text="carbamazepine"/><entity id="DrugDDI.d115.s7.e2" origId="s7.p75" charOffset="73-85" type="drug" text="aripiprazole"/><pair id="DrugDDI.d115.s7.p0" e1="DrugDDI.d115.s7.e0" e2="DrugDDI.d115.s7.e1" interaction="true"/><pair id="DrugDDI.d115.s7.p1" e1="DrugDDI.d115.s7.e0" e2="DrugDDI.d115.s7.e2" interaction="false"/><pair id="DrugDDI.d115.s7.p2" e1="DrugDDI.d115.s7.e1" e2="DrugDDI.d115.s7.e2" interaction="false"/></sentence><sentence id="DrugDDI.d115.s8" origId="s8" text="Inhibitors of CYP3A4 (eg, ketoconazole) or CYP2D6 (eg, quinidine, fluoxetine, or paroxetine) can inhibit aripiprazole elimination and cause increased blood levels."><entity id="DrugDDI.d115.s8.e0" origId="s8.p79" charOffset="14-20" type="drug" text="CYP3A4"/><entity id="DrugDDI.d115.s8.e1" origId="s8.p82" charOffset="26-38" type="drug" text="ketoconazole"/><entity id="DrugDDI.d115.s8.e2" origId="s8.p85" charOffset="43-49" type="drug" text="CYP2D6"/><entity id="DrugDDI.d115.s8.e3" origId="s8.p88" charOffset="55-64" type="drug" text="quinidine"/><entity id="DrugDDI.d115.s8.e4" origId="s8.p89" charOffset="66-76" type="drug" text="fluoxetine"/><entity id="DrugDDI.d115.s8.e5" origId="s8.p91" charOffset="81-91" type="drug" text="paroxetine"/><entity id="DrugDDI.d115.s8.e6" origId="s8.p95" charOffset="105-117" type="drug" text="aripiprazole"/><pair id="DrugDDI.d115.s8.p0" e1="DrugDDI.d115.s8.e0" e2="DrugDDI.d115.s8.e1" interaction="false"/><pair id="DrugDDI.d115.s8.p1" e1="DrugDDI.d115.s8.e0" e2="DrugDDI.d115.s8.e2" interaction="false"/><pair id="DrugDDI.d115.s8.p2" e1="DrugDDI.d115.s8.e0" e2="DrugDDI.d115.s8.e3" interaction="false"/><pair id="DrugDDI.d115.s8.p3" e1="DrugDDI.d115.s8.e0" e2="DrugDDI.d115.s8.e4" interaction="false"/><pair id="DrugDDI.d115.s8.p4" e1="DrugDDI.d115.s8.e0" e2="DrugDDI.d115.s8.e5" interaction="false"/><pair id="DrugDDI.d115.s8.p5" e1="DrugDDI.d115.s8.e0" e2="DrugDDI.d115.s8.e6" interaction="true"/><pair id="DrugDDI.d115.s8.p6" e1="DrugDDI.d115.s8.e1" e2="DrugDDI.d115.s8.e2" interaction="false"/><pair id="DrugDDI.d115.s8.p7" e1="DrugDDI.d115.s8.e1" e2="DrugDDI.d115.s8.e3" interaction="false"/><pair id="DrugDDI.d115.s8.p8" e1="DrugDDI.d115.s8.e1" e2="DrugDDI.d115.s8.e4" interaction="false"/><pair id="DrugDDI.d115.s8.p9" e1="DrugDDI.d115.s8.e1" e2="DrugDDI.d115.s8.e5" interaction="false"/><pair id="DrugDDI.d115.s8.p10" e1="DrugDDI.d115.s8.e1" e2="DrugDDI.d115.s8.e6" interaction="false"/><pair id="DrugDDI.d115.s8.p11" e1="DrugDDI.d115.s8.e2" e2="DrugDDI.d115.s8.e3" interaction="false"/><pair id="DrugDDI.d115.s8.p12" e1="DrugDDI.d115.s8.e2" e2="DrugDDI.d115.s8.e4" interaction="false"/><pair id="DrugDDI.d115.s8.p13" e1="DrugDDI.d115.s8.e2" e2="DrugDDI.d115.s8.e5" interaction="false"/><pair id="DrugDDI.d115.s8.p14" e1="DrugDDI.d115.s8.e2" e2="DrugDDI.d115.s8.e6" interaction="true"/><pair id="DrugDDI.d115.s8.p15" e1="DrugDDI.d115.s8.e3" e2="DrugDDI.d115.s8.e4" interaction="false"/><pair id="DrugDDI.d115.s8.p16" e1="DrugDDI.d115.s8.e3" e2="DrugDDI.d115.s8.e5" interaction="false"/><pair id="DrugDDI.d115.s8.p17" e1="DrugDDI.d115.s8.e3" e2="DrugDDI.d115.s8.e6" interaction="false"/><pair id="DrugDDI.d115.s8.p18" e1="DrugDDI.d115.s8.e4" e2="DrugDDI.d115.s8.e5" interaction="false"/><pair id="DrugDDI.d115.s8.p19" e1="DrugDDI.d115.s8.e4" e2="DrugDDI.d115.s8.e6" interaction="true"/><pair id="DrugDDI.d115.s8.p20" e1="DrugDDI.d115.s8.e5" e2="DrugDDI.d115.s8.e6" interaction="false"/></sentence><sentence id="DrugDDI.d115.s9" origId="s9" text="Ketoconazole: Coadministration of ketoconazole (200 mg/day for 14 days) with a 15-mg single dose of aripiprazole increased the AUC of aripiprazole and its active metabolite by 63% and 77%, respectively."><entity id="DrugDDI.d115.s9.e0" origId="s9.p98" charOffset="0-12" type="drug" text="Ketoconazole"/><entity id="DrugDDI.d115.s9.e1" origId="s9.p101" charOffset="34-46" type="drug" text="ketoconazole"/><entity id="DrugDDI.d115.s9.e2" origId="s9.p108" charOffset="100-112" type="drug" text="aripiprazole"/><entity id="DrugDDI.d115.s9.e3" origId="s9.p111" charOffset="134-146" type="drug" text="aripiprazole"/><entity id="DrugDDI.d115.s9.e4" origId="s9.p113" charOffset="155-172" type="drug" text="active metabolite"/><pair id="DrugDDI.d115.s9.p0" e1="DrugDDI.d115.s9.e0" e2="DrugDDI.d115.s9.e1" interaction="false"/><pair id="DrugDDI.d115.s9.p1" e1="DrugDDI.d115.s9.e0" e2="DrugDDI.d115.s9.e2" interaction="false"/><pair id="DrugDDI.d115.s9.p2" e1="DrugDDI.d115.s9.e0" e2="DrugDDI.d115.s9.e3" interaction="false"/><pair id="DrugDDI.d115.s9.p3" e1="DrugDDI.d115.s9.e0" e2="DrugDDI.d115.s9.e4" interaction="false"/><pair id="DrugDDI.d115.s9.p4" e1="DrugDDI.d115.s9.e1" e2="DrugDDI.d115.s9.e2" interaction="true"/><pair id="DrugDDI.d115.s9.p5" e1="DrugDDI.d115.s9.e1" e2="DrugDDI.d115.s9.e3" interaction="false"/><pair id="DrugDDI.d115.s9.p6" e1="DrugDDI.d115.s9.e1" e2="DrugDDI.d115.s9.e4" interaction="false"/><pair id="DrugDDI.d115.s9.p7" e1="DrugDDI.d115.s9.e2" e2="DrugDDI.d115.s9.e3" interaction="false"/><pair id="DrugDDI.d115.s9.p8" e1="DrugDDI.d115.s9.e2" e2="DrugDDI.d115.s9.e4" interaction="false"/><pair id="DrugDDI.d115.s9.p9" e1="DrugDDI.d115.s9.e3" e2="DrugDDI.d115.s9.e4" interaction="false"/></sentence><sentence id="DrugDDI.d115.s10" origId="s10" text="The effect of a higher ketoconazole dose (400 mg/day) has not been studied."><entity id="DrugDDI.d115.s10.e0" origId="s10.p119" charOffset="23-35" type="drug" text="ketoconazole"/></sentence><sentence id="DrugDDI.d115.s11" origId="s11" text="When concomitant administration of ketoconazole with aripiprazole occurs, aripiprazole dose should be reduced to one-half of its normal dose."><entity id="DrugDDI.d115.s11.e0" origId="s11.p130" charOffset="35-47" type="drug" text="ketoconazole"/><entity id="DrugDDI.d115.s11.e1" origId="s11.p131" charOffset="53-65" type="drug" text="aripiprazole"/><entity id="DrugDDI.d115.s11.e2" origId="s11.p134" charOffset="74-86" type="drug" text="aripiprazole"/><pair id="DrugDDI.d115.s11.p0" e1="DrugDDI.d115.s11.e0" e2="DrugDDI.d115.s11.e1" interaction="true"/><pair id="DrugDDI.d115.s11.p1" e1="DrugDDI.d115.s11.e0" e2="DrugDDI.d115.s11.e2" interaction="false"/><pair id="DrugDDI.d115.s11.p2" e1="DrugDDI.d115.s11.e1" e2="DrugDDI.d115.s11.e2" interaction="false"/></sentence><sentence id="DrugDDI.d115.s12" origId="s12" text="Other strong inhibitors of CYP3A4 (itraconazole) would be expected to have similar effects and need similar dose reductions;"><entity id="DrugDDI.d115.s12.e0" origId="s12.p141" charOffset="27-33" type="drug" text="CYP3A4"/><entity id="DrugDDI.d115.s12.e1" origId="s12.p143" charOffset="35-47" type="drug" text="itraconazole"/><pair id="DrugDDI.d115.s12.p0" e1="DrugDDI.d115.s12.e0" e2="DrugDDI.d115.s12.e1" interaction="false"/></sentence><sentence id="DrugDDI.d115.s13" origId="s13" text="weaker inhibitors (erythromycin, grapefruit juice) have not been studied."><entity id="DrugDDI.d115.s13.e0" origId="s13.p157" charOffset="19-31" type="drug" text="erythromycin"/></sentence><sentence id="DrugDDI.d115.s14" origId="s14" text="When the CYP3A4 inhibitor is withdrawn from the combination therapy, aripiprazole dose should then be increased."><entity id="DrugDDI.d115.s14.e0" origId="s14.p165" charOffset="9-15" type="drug" text="CYP3A4"/><entity id="DrugDDI.d115.s14.e1" origId="s14.p169" charOffset="69-81" type="drug" text="aripiprazole"/><pair id="DrugDDI.d115.s14.p0" e1="DrugDDI.d115.s14.e0" e2="DrugDDI.d115.s14.e1" interaction="false"/></sentence><sentence id="DrugDDI.d115.s15" origId="s15" text="Quinidine: Coadministration of a 10-mg single dose of aripiprazole with quinidine (166 mg/day for 13 days), a potent inhibitor of CYP2D6, increased the AUC of aripiprazole by 112% but decreased the AUC of its active metabolite, dehydroaripiprazole, by 35%."><entity id="DrugDDI.d115.s15.e0" origId="s15.p174" charOffset="0-9" type="drug" text="Quinidine"/><entity id="DrugDDI.d115.s15.e1" origId="s15.p178" charOffset="54-66" type="drug" text="aripiprazole"/><entity id="DrugDDI.d115.s15.e2" origId="s15.p179" charOffset="72-81" type="drug" text="quinidine"/><entity id="DrugDDI.d115.s15.e3" origId="s15.p187" charOffset="130-136" type="drug" text="CYP2D6"/><entity id="DrugDDI.d115.s15.e4" origId="s15.p190" charOffset="159-171" type="drug" text="aripiprazole"/><entity id="DrugDDI.d115.s15.e5" origId="s15.p195" charOffset="209-226" type="drug" text="active metabolite"/><pair id="DrugDDI.d115.s15.p0" e1="DrugDDI.d115.s15.e0" e2="DrugDDI.d115.s15.e1" interaction="false"/><pair id="DrugDDI.d115.s15.p1" e1="DrugDDI.d115.s15.e0" e2="DrugDDI.d115.s15.e2" interaction="false"/><pair id="DrugDDI.d115.s15.p2" e1="DrugDDI.d115.s15.e0" e2="DrugDDI.d115.s15.e3" interaction="false"/><pair id="DrugDDI.d115.s15.p3" e1="DrugDDI.d115.s15.e0" e2="DrugDDI.d115.s15.e4" interaction="false"/><pair id="DrugDDI.d115.s15.p4" e1="DrugDDI.d115.s15.e0" e2="DrugDDI.d115.s15.e5" interaction="false"/><pair id="DrugDDI.d115.s15.p5" e1="DrugDDI.d115.s15.e1" e2="DrugDDI.d115.s15.e2" interaction="true"/><pair id="DrugDDI.d115.s15.p6" e1="DrugDDI.d115.s15.e1" e2="DrugDDI.d115.s15.e3" interaction="false"/><pair id="DrugDDI.d115.s15.p7" e1="DrugDDI.d115.s15.e1" e2="DrugDDI.d115.s15.e4" interaction="false"/><pair id="DrugDDI.d115.s15.p8" e1="DrugDDI.d115.s15.e1" e2="DrugDDI.d115.s15.e5" interaction="false"/><pair id="DrugDDI.d115.s15.p9" e1="DrugDDI.d115.s15.e2" e2="DrugDDI.d115.s15.e3" interaction="false"/><pair id="DrugDDI.d115.s15.p10" e1="DrugDDI.d115.s15.e2" e2="DrugDDI.d115.s15.e4" interaction="false"/><pair id="DrugDDI.d115.s15.p11" e1="DrugDDI.d115.s15.e2" e2="DrugDDI.d115.s15.e5" interaction="false"/><pair id="DrugDDI.d115.s15.p12" e1="DrugDDI.d115.s15.e3" e2="DrugDDI.d115.s15.e4" interaction="false"/><pair id="DrugDDI.d115.s15.p13" e1="DrugDDI.d115.s15.e3" e2="DrugDDI.d115.s15.e5" interaction="false"/><pair id="DrugDDI.d115.s15.p14" e1="DrugDDI.d115.s15.e4" e2="DrugDDI.d115.s15.e5" interaction="false"/></sentence><sentence id="DrugDDI.d115.s16" origId="s16" text="Aripiprazole dose should be reduced to one-half of its normal dose when concomitant administration of quinidine with aripiprazole occurs."><entity id="DrugDDI.d115.s16.e0" origId="s16.p198" charOffset="0-12" type="drug" text="Aripiprazole"/><entity id="DrugDDI.d115.s16.e1" origId="s16.p206" charOffset="102-111" type="drug" text="quinidine"/><entity id="DrugDDI.d115.s16.e2" origId="s16.p207" charOffset="117-129" type="drug" text="aripiprazole"/><pair id="DrugDDI.d115.s16.p0" e1="DrugDDI.d115.s16.e0" e2="DrugDDI.d115.s16.e1" interaction="false"/><pair id="DrugDDI.d115.s16.p1" e1="DrugDDI.d115.s16.e0" e2="DrugDDI.d115.s16.e2" interaction="false"/><pair id="DrugDDI.d115.s16.p2" e1="DrugDDI.d115.s16.e1" e2="DrugDDI.d115.s16.e2" interaction="true"/></sentence><sentence id="DrugDDI.d115.s17" origId="s17" text="Other significant inhibitors of CYP2D6, such as fluoxetine or paroxetine, would be expected to have similar effects and, therefore, should be accompanied by similar dose reductions."><entity id="DrugDDI.d115.s17.e0" origId="s17.p210" charOffset="32-38" type="drug" text="CYP2D6"/><entity id="DrugDDI.d115.s17.e1" origId="s17.p211" charOffset="48-58" type="drug" text="fluoxetine"/><entity id="DrugDDI.d115.s17.e2" origId="s17.p213" charOffset="62-72" type="drug" text="paroxetine"/><pair id="DrugDDI.d115.s17.p0" e1="DrugDDI.d115.s17.e0" e2="DrugDDI.d115.s17.e1" interaction="false"/><pair id="DrugDDI.d115.s17.p1" e1="DrugDDI.d115.s17.e0" e2="DrugDDI.d115.s17.e2" interaction="false"/><pair id="DrugDDI.d115.s17.p2" e1="DrugDDI.d115.s17.e1" e2="DrugDDI.d115.s17.e2" interaction="false"/></sentence><sentence id="DrugDDI.d115.s18" origId="s18" text="When the CYP2D6 inhibitor is withdrawn from the combination therapy, aripiprazole dose should then be increased."><entity id="DrugDDI.d115.s18.e0" origId="s18.p228" charOffset="9-15" type="drug" text="CYP2D6"/><entity id="DrugDDI.d115.s18.e1" origId="s18.p232" charOffset="69-81" type="drug" text="aripiprazole"/><pair id="DrugDDI.d115.s18.p0" e1="DrugDDI.d115.s18.e0" e2="DrugDDI.d115.s18.e1" interaction="false"/></sentence><sentence id="DrugDDI.d115.s19" origId="s19" text="Carbamazepine: Coadministration of carbamazepine (200 mg BID), a potent CYP3A4 inducer, with aripiprazole (30 mg QD) resulted in an approximate 70% decrease in Cmax and AUC values of both aripiprazole and its active metabolite, dehydro-aripiprazole."><entity id="DrugDDI.d115.s19.e0" origId="s19.p237" charOffset="0-13" type="drug" text="Carbamazepine"/><entity id="DrugDDI.d115.s19.e1" origId="s19.p240" charOffset="35-48" type="drug" text="carbamazepine"/><entity id="DrugDDI.d115.s19.e2" origId="s19.p242" charOffset="57-60" type="drug" text="BID"/><entity id="DrugDDI.d115.s19.e3" origId="s19.p245" charOffset="72-78" type="drug" text="CYP3A4"/><entity id="DrugDDI.d115.s19.e4" origId="s19.p246" charOffset="93-105" type="drug" text="aripiprazole"/><entity id="DrugDDI.d115.s19.e5" origId="s19.p257" charOffset="188-200" type="drug" text="aripiprazole"/><entity id="DrugDDI.d115.s19.e6" origId="s19.p259" charOffset="209-226" type="drug" text="active metabolite"/><entity id="DrugDDI.d115.s19.e7" origId="s19.p260" charOffset="236-248" type="drug" text="aripiprazole"/><pair id="DrugDDI.d115.s19.p0" e1="DrugDDI.d115.s19.e0" e2="DrugDDI.d115.s19.e1" interaction="false"/><pair id="DrugDDI.d115.s19.p1" e1="DrugDDI.d115.s19.e0" e2="DrugDDI.d115.s19.e2" interaction="false"/><pair id="DrugDDI.d115.s19.p2" e1="DrugDDI.d115.s19.e0" e2="DrugDDI.d115.s19.e3" interaction="false"/><pair id="DrugDDI.d115.s19.p3" e1="DrugDDI.d115.s19.e0" e2="DrugDDI.d115.s19.e4" interaction="false"/><pair id="DrugDDI.d115.s19.p4" e1="DrugDDI.d115.s19.e0" e2="DrugDDI.d115.s19.e5" interaction="false"/><pair id="DrugDDI.d115.s19.p5" e1="DrugDDI.d115.s19.e0" e2="DrugDDI.d115.s19.e6" interaction="false"/><pair id="DrugDDI.d115.s19.p6" e1="DrugDDI.d115.s19.e0" e2="DrugDDI.d115.s19.e7" interaction="false"/><pair id="DrugDDI.d115.s19.p7" e1="DrugDDI.d115.s19.e1" e2="DrugDDI.d115.s19.e2" interaction="false"/><pair id="DrugDDI.d115.s19.p8" e1="DrugDDI.d115.s19.e1" e2="DrugDDI.d115.s19.e3" interaction="false"/><pair id="DrugDDI.d115.s19.p9" e1="DrugDDI.d115.s19.e1" e2="DrugDDI.d115.s19.e4" interaction="true"/><pair id="DrugDDI.d115.s19.p10" e1="DrugDDI.d115.s19.e1" e2="DrugDDI.d115.s19.e5" interaction="false"/><pair id="DrugDDI.d115.s19.p11" e1="DrugDDI.d115.s19.e1" e2="DrugDDI.d115.s19.e6" interaction="false"/><pair id="DrugDDI.d115.s19.p12" e1="DrugDDI.d115.s19.e1" e2="DrugDDI.d115.s19.e7" interaction="false"/><pair id="DrugDDI.d115.s19.p13" e1="DrugDDI.d115.s19.e2" e2="DrugDDI.d115.s19.e3" interaction="false"/><pair id="DrugDDI.d115.s19.p14" e1="DrugDDI.d115.s19.e2" e2="DrugDDI.d115.s19.e4" interaction="false"/><pair id="DrugDDI.d115.s19.p15" e1="DrugDDI.d115.s19.e2" e2="DrugDDI.d115.s19.e5" interaction="false"/><pair id="DrugDDI.d115.s19.p16" e1="DrugDDI.d115.s19.e2" e2="DrugDDI.d115.s19.e6" interaction="false"/><pair id="DrugDDI.d115.s19.p17" e1="DrugDDI.d115.s19.e2" e2="DrugDDI.d115.s19.e7" interaction="false"/><pair id="DrugDDI.d115.s19.p18" e1="DrugDDI.d115.s19.e3" e2="DrugDDI.d115.s19.e4" interaction="false"/><pair id="DrugDDI.d115.s19.p19" e1="DrugDDI.d115.s19.e3" e2="DrugDDI.d115.s19.e5" interaction="false"/><pair id="DrugDDI.d115.s19.p20" e1="DrugDDI.d115.s19.e3" e2="DrugDDI.d115.s19.e6" interaction="false"/><pair id="DrugDDI.d115.s19.p21" e1="DrugDDI.d115.s19.e3" e2="DrugDDI.d115.s19.e7" interaction="false"/><pair id="DrugDDI.d115.s19.p22" e1="DrugDDI.d115.s19.e4" e2="DrugDDI.d115.s19.e5" interaction="false"/><pair id="DrugDDI.d115.s19.p23" e1="DrugDDI.d115.s19.e4" e2="DrugDDI.d115.s19.e6" interaction="false"/><pair id="DrugDDI.d115.s19.p24" e1="DrugDDI.d115.s19.e4" e2="DrugDDI.d115.s19.e7" interaction="false"/><pair id="DrugDDI.d115.s19.p25" e1="DrugDDI.d115.s19.e5" e2="DrugDDI.d115.s19.e6" interaction="false"/><pair id="DrugDDI.d115.s19.p26" e1="DrugDDI.d115.s19.e5" e2="DrugDDI.d115.s19.e7" interaction="false"/><pair id="DrugDDI.d115.s19.p27" e1="DrugDDI.d115.s19.e6" e2="DrugDDI.d115.s19.e7" interaction="false"/></sentence><sentence id="DrugDDI.d115.s20" origId="s20" text="When carbamazepine is added to aripiprazole therapy, aripiprazole dose should be doubled."><entity id="DrugDDI.d115.s20.e0" origId="s20.p262" charOffset="5-18" type="drug" text="carbamazepine"/><entity id="DrugDDI.d115.s20.e1" origId="s20.p265" charOffset="31-43" type="drug" text="aripiprazole"/><entity id="DrugDDI.d115.s20.e2" origId="s20.p266" charOffset="53-65" type="drug" text="aripiprazole"/><pair id="DrugDDI.d115.s20.p0" e1="DrugDDI.d115.s20.e0" e2="DrugDDI.d115.s20.e1" interaction="true"/><pair id="DrugDDI.d115.s20.p1" e1="DrugDDI.d115.s20.e0" e2="DrugDDI.d115.s20.e2" interaction="false"/><pair id="DrugDDI.d115.s20.p2" e1="DrugDDI.d115.s20.e1" e2="DrugDDI.d115.s20.e2" interaction="false"/></sentence><sentence id="DrugDDI.d115.s21" origId="s21" text="Additional dose increases should be based on clinical evaluation."/><sentence id="DrugDDI.d115.s22" origId="s22" text="When carbamazepine is withdrawn from the combination therapy, aripiprazole dose should then be reduced."><entity id="DrugDDI.d115.s22.e0" origId="s22.p276" charOffset="5-18" type="drug" text="carbamazepine"/><entity id="DrugDDI.d115.s22.e1" origId="s22.p280" charOffset="62-74" type="drug" text="aripiprazole"/><pair id="DrugDDI.d115.s22.p0" e1="DrugDDI.d115.s22.e0" e2="DrugDDI.d115.s22.e1" interaction="true"/></sentence><sentence id="DrugDDI.d115.s23" origId="s23" text="No clinically significant effect of famotidine, valproate, or lithium was seen on the pharmacokinetics of aripiprazole (see CLINICAL PHARMACOLOGY: Drug- Drug Interactions)."><entity id="DrugDDI.d115.s23.e0" origId="s23.p286" charOffset="36-46" type="drug" text="famotidine"/><entity id="DrugDDI.d115.s23.e1" origId="s23.p287" charOffset="48-57" type="drug" text="valproate"/><entity id="DrugDDI.d115.s23.e2" origId="s23.p289" charOffset="62-69" type="drug" text="lithium"/><entity id="DrugDDI.d115.s23.e3" origId="s23.p293" charOffset="106-118" type="drug" text="aripiprazole"/><pair id="DrugDDI.d115.s23.p0" e1="DrugDDI.d115.s23.e0" e2="DrugDDI.d115.s23.e1" interaction="false"/><pair id="DrugDDI.d115.s23.p1" e1="DrugDDI.d115.s23.e0" e2="DrugDDI.d115.s23.e2" interaction="false"/><pair id="DrugDDI.d115.s23.p2" e1="DrugDDI.d115.s23.e0" e2="DrugDDI.d115.s23.e3" interaction="false"/><pair id="DrugDDI.d115.s23.p3" e1="DrugDDI.d115.s23.e1" e2="DrugDDI.d115.s23.e2" interaction="false"/><pair id="DrugDDI.d115.s23.p4" e1="DrugDDI.d115.s23.e1" e2="DrugDDI.d115.s23.e3" interaction="false"/><pair id="DrugDDI.d115.s23.p5" e1="DrugDDI.d115.s23.e2" e2="DrugDDI.d115.s23.e3" interaction="false"/></sentence><sentence id="DrugDDI.d115.s24" origId="s24" text="Potential for ABILIFY to Affect Other Drugs Aripiprazole is unlikely to cause clinically important pharmacokinetic interactions with drugs metabolized by cytochrome P450 enzymes."><entity id="DrugDDI.d115.s24.e0" origId="s24.p301" charOffset="14-21" type="drug" text="ABILIFY"/><entity id="DrugDDI.d115.s24.e1" origId="s24.p304" charOffset="38-43" type="drug" text="Drugs"/><entity id="DrugDDI.d115.s24.e2" origId="s24.p309" charOffset="133-138" type="drug" text="drugs"/><entity id="DrugDDI.d115.s24.e3" origId="s24.p311" charOffset="154-169" type="drug" text="cytochrome P450"/><pair id="DrugDDI.d115.s24.p0" e1="DrugDDI.d115.s24.e0" e2="DrugDDI.d115.s24.e1" interaction="false"/><pair id="DrugDDI.d115.s24.p1" e1="DrugDDI.d115.s24.e0" e2="DrugDDI.d115.s24.e2" interaction="false"/><pair id="DrugDDI.d115.s24.p2" e1="DrugDDI.d115.s24.e0" e2="DrugDDI.d115.s24.e3" interaction="false"/><pair id="DrugDDI.d115.s24.p3" e1="DrugDDI.d115.s24.e1" e2="DrugDDI.d115.s24.e2" interaction="false"/><pair id="DrugDDI.d115.s24.p4" e1="DrugDDI.d115.s24.e1" e2="DrugDDI.d115.s24.e3" interaction="false"/><pair id="DrugDDI.d115.s24.p5" e1="DrugDDI.d115.s24.e2" e2="DrugDDI.d115.s24.e3" interaction="false"/></sentence><sentence id="DrugDDI.d115.s25" origId="s25" text="In in vivo studies, 10- to 30-mg/day doses of aripiprazole had no significant effect on metabolism by CYP2D6 (dextromethorphan), CYP2C9 (warfarin), CYP2C19 (omeprazole, warfarin), and CYP3A4 (dextromethorphan) substrates."><entity id="DrugDDI.d115.s25.e0" origId="s25.p315" charOffset="46-58" type="drug" text="aripiprazole"/><entity id="DrugDDI.d115.s25.e1" origId="s25.p319" charOffset="102-108" type="drug" text="CYP2D6"/><entity id="DrugDDI.d115.s25.e2" origId="s25.p321" charOffset="110-126" type="drug" text="dextromethorphan"/><entity id="DrugDDI.d115.s25.e3" origId="s25.p324" charOffset="129-135" type="drug" text="CYP2C9"/><entity id="DrugDDI.d115.s25.e4" origId="s25.p326" charOffset="137-145" type="drug" text="warfarin"/><entity id="DrugDDI.d115.s25.e5" origId="s25.p329" charOffset="148-155" type="drug" text="CYP2C19"/><entity id="DrugDDI.d115.s25.e6" origId="s25.p331" charOffset="157-167" type="drug" text="omeprazole"/><entity id="DrugDDI.d115.s25.e7" origId="s25.p332" charOffset="169-177" type="drug" text="warfarin"/><entity id="DrugDDI.d115.s25.e8" origId="s25.p336" charOffset="184-190" type="drug" text="CYP3A4"/><entity id="DrugDDI.d115.s25.e9" origId="s25.p338" charOffset="192-208" type="drug" text="dextromethorphan"/><pair id="DrugDDI.d115.s25.p0" e1="DrugDDI.d115.s25.e0" e2="DrugDDI.d115.s25.e1" interaction="false"/><pair id="DrugDDI.d115.s25.p1" e1="DrugDDI.d115.s25.e0" e2="DrugDDI.d115.s25.e2" interaction="false"/><pair id="DrugDDI.d115.s25.p2" e1="DrugDDI.d115.s25.e0" e2="DrugDDI.d115.s25.e3" interaction="false"/><pair id="DrugDDI.d115.s25.p3" e1="DrugDDI.d115.s25.e0" e2="DrugDDI.d115.s25.e4" interaction="false"/><pair id="DrugDDI.d115.s25.p4" e1="DrugDDI.d115.s25.e0" e2="DrugDDI.d115.s25.e5" interaction="false"/><pair id="DrugDDI.d115.s25.p5" e1="DrugDDI.d115.s25.e0" e2="DrugDDI.d115.s25.e6" interaction="false"/><pair id="DrugDDI.d115.s25.p6" e1="DrugDDI.d115.s25.e0" e2="DrugDDI.d115.s25.e7" interaction="false"/><pair id="DrugDDI.d115.s25.p7" e1="DrugDDI.d115.s25.e0" e2="DrugDDI.d115.s25.e8" interaction="false"/><pair id="DrugDDI.d115.s25.p8" e1="DrugDDI.d115.s25.e0" e2="DrugDDI.d115.s25.e9" interaction="false"/><pair id="DrugDDI.d115.s25.p9" e1="DrugDDI.d115.s25.e1" e2="DrugDDI.d115.s25.e2" interaction="false"/><pair id="DrugDDI.d115.s25.p10" e1="DrugDDI.d115.s25.e1" e2="DrugDDI.d115.s25.e3" interaction="false"/><pair id="DrugDDI.d115.s25.p11" e1="DrugDDI.d115.s25.e1" e2="DrugDDI.d115.s25.e4" interaction="false"/><pair id="DrugDDI.d115.s25.p12" e1="DrugDDI.d115.s25.e1" e2="DrugDDI.d115.s25.e5" interaction="false"/><pair id="DrugDDI.d115.s25.p13" e1="DrugDDI.d115.s25.e1" e2="DrugDDI.d115.s25.e6" interaction="false"/><pair id="DrugDDI.d115.s25.p14" e1="DrugDDI.d115.s25.e1" e2="DrugDDI.d115.s25.e7" interaction="false"/><pair id="DrugDDI.d115.s25.p15" e1="DrugDDI.d115.s25.e1" e2="DrugDDI.d115.s25.e8" interaction="false"/><pair id="DrugDDI.d115.s25.p16" e1="DrugDDI.d115.s25.e1" e2="DrugDDI.d115.s25.e9" interaction="false"/><pair id="DrugDDI.d115.s25.p17" e1="DrugDDI.d115.s25.e2" e2="DrugDDI.d115.s25.e3" interaction="false"/><pair id="DrugDDI.d115.s25.p18" e1="DrugDDI.d115.s25.e2" e2="DrugDDI.d115.s25.e4" interaction="false"/><pair id="DrugDDI.d115.s25.p19" e1="DrugDDI.d115.s25.e2" e2="DrugDDI.d115.s25.e5" interaction="false"/><pair id="DrugDDI.d115.s25.p20" e1="DrugDDI.d115.s25.e2" e2="DrugDDI.d115.s25.e6" interaction="false"/><pair id="DrugDDI.d115.s25.p21" e1="DrugDDI.d115.s25.e2" e2="DrugDDI.d115.s25.e7" interaction="false"/><pair id="DrugDDI.d115.s25.p22" e1="DrugDDI.d115.s25.e2" e2="DrugDDI.d115.s25.e8" interaction="false"/><pair id="DrugDDI.d115.s25.p23" e1="DrugDDI.d115.s25.e2" e2="DrugDDI.d115.s25.e9" interaction="false"/><pair id="DrugDDI.d115.s25.p24" e1="DrugDDI.d115.s25.e3" e2="DrugDDI.d115.s25.e4" interaction="false"/><pair id="DrugDDI.d115.s25.p25" e1="DrugDDI.d115.s25.e3" e2="DrugDDI.d115.s25.e5" interaction="false"/><pair id="DrugDDI.d115.s25.p26" e1="DrugDDI.d115.s25.e3" e2="DrugDDI.d115.s25.e6" interaction="false"/><pair id="DrugDDI.d115.s25.p27" e1="DrugDDI.d115.s25.e3" e2="DrugDDI.d115.s25.e7" interaction="false"/><pair id="DrugDDI.d115.s25.p28" e1="DrugDDI.d115.s25.e3" e2="DrugDDI.d115.s25.e8" interaction="false"/><pair id="DrugDDI.d115.s25.p29" e1="DrugDDI.d115.s25.e3" e2="DrugDDI.d115.s25.e9" interaction="false"/><pair id="DrugDDI.d115.s25.p30" e1="DrugDDI.d115.s25.e4" e2="DrugDDI.d115.s25.e5" interaction="false"/><pair id="DrugDDI.d115.s25.p31" e1="DrugDDI.d115.s25.e4" e2="DrugDDI.d115.s25.e6" interaction="false"/><pair id="DrugDDI.d115.s25.p32" e1="DrugDDI.d115.s25.e4" e2="DrugDDI.d115.s25.e7" interaction="false"/><pair id="DrugDDI.d115.s25.p33" e1="DrugDDI.d115.s25.e4" e2="DrugDDI.d115.s25.e8" interaction="false"/><pair id="DrugDDI.d115.s25.p34" e1="DrugDDI.d115.s25.e4" e2="DrugDDI.d115.s25.e9" interaction="false"/><pair id="DrugDDI.d115.s25.p35" e1="DrugDDI.d115.s25.e5" e2="DrugDDI.d115.s25.e6" interaction="false"/><pair id="DrugDDI.d115.s25.p36" e1="DrugDDI.d115.s25.e5" e2="DrugDDI.d115.s25.e7" interaction="false"/><pair id="DrugDDI.d115.s25.p37" e1="DrugDDI.d115.s25.e5" e2="DrugDDI.d115.s25.e8" interaction="false"/><pair id="DrugDDI.d115.s25.p38" e1="DrugDDI.d115.s25.e5" e2="DrugDDI.d115.s25.e9" interaction="false"/><pair id="DrugDDI.d115.s25.p39" e1="DrugDDI.d115.s25.e6" e2="DrugDDI.d115.s25.e7" interaction="false"/><pair id="DrugDDI.d115.s25.p40" e1="DrugDDI.d115.s25.e6" e2="DrugDDI.d115.s25.e8" interaction="false"/><pair id="DrugDDI.d115.s25.p41" e1="DrugDDI.d115.s25.e6" e2="DrugDDI.d115.s25.e9" interaction="false"/><pair id="DrugDDI.d115.s25.p42" e1="DrugDDI.d115.s25.e7" e2="DrugDDI.d115.s25.e8" interaction="false"/><pair id="DrugDDI.d115.s25.p43" e1="DrugDDI.d115.s25.e7" e2="DrugDDI.d115.s25.e9" interaction="false"/><pair id="DrugDDI.d115.s25.p44" e1="DrugDDI.d115.s25.e8" e2="DrugDDI.d115.s25.e9" interaction="false"/></sentence><sentence id="DrugDDI.d115.s26" origId="s26" text="Additionally, aripiprazole and dehydroaripiprazole did not show potential for altering CYP1A2-mediated metabolism in vitro."><entity id="DrugDDI.d115.s26.e0" origId="s26.p342" charOffset="14-26" type="drug" text="aripiprazole"/></sentence><sentence id="DrugDDI.d115.s27" origId="s27" text="Alcohol: There was no significant difference between aripiprazole coadministered with ethanol and placebo coadministered with ethanol on performance of gross motor skills or stimulus response in healthy subjects."><entity id="DrugDDI.d115.s27.e0" origId="s27.p350" charOffset="0-7" type="drug" text="Alcohol"/><entity id="DrugDDI.d115.s27.e1" origId="s27.p355" charOffset="53-65" type="drug" text="aripiprazole"/><entity id="DrugDDI.d115.s27.e2" origId="s27.p357" charOffset="86-93" type="drug" text="ethanol"/><entity id="DrugDDI.d115.s27.e3" origId="s27.p361" charOffset="126-133" type="drug" text="ethanol"/><pair id="DrugDDI.d115.s27.p0" e1="DrugDDI.d115.s27.e0" e2="DrugDDI.d115.s27.e1" interaction="false"/><pair id="DrugDDI.d115.s27.p1" e1="DrugDDI.d115.s27.e0" e2="DrugDDI.d115.s27.e2" interaction="false"/><pair id="DrugDDI.d115.s27.p2" e1="DrugDDI.d115.s27.e0" e2="DrugDDI.d115.s27.e3" interaction="false"/><pair id="DrugDDI.d115.s27.p3" e1="DrugDDI.d115.s27.e1" e2="DrugDDI.d115.s27.e2" interaction="false"/><pair id="DrugDDI.d115.s27.p4" e1="DrugDDI.d115.s27.e1" e2="DrugDDI.d115.s27.e3" interaction="false"/><pair id="DrugDDI.d115.s27.p5" e1="DrugDDI.d115.s27.e2" e2="DrugDDI.d115.s27.e3" interaction="false"/></sentence><sentence id="DrugDDI.d115.s28" origId="s28" text="As with most psychoactive medications, patients should be advised to avoid alcohol while taking ABILIFY"><entity id="DrugDDI.d115.s28.e0" origId="s28.p368" charOffset="26-37" type="drug" text="medications"/><entity id="DrugDDI.d115.s28.e1" origId="s28.p375" charOffset="75-82" type="drug" text="alcohol"/><entity id="DrugDDI.d115.s28.e2" origId="s28.p377" charOffset="96-103" type="drug" text="ABILIFY"/><pair id="DrugDDI.d115.s28.p0" e1="DrugDDI.d115.s28.e0" e2="DrugDDI.d115.s28.e1" interaction="false"/><pair id="DrugDDI.d115.s28.p1" e1="DrugDDI.d115.s28.e0" e2="DrugDDI.d115.s28.e2" interaction="false"/><pair id="DrugDDI.d115.s28.p2" e1="DrugDDI.d115.s28.e1" e2="DrugDDI.d115.s28.e2" interaction="true"/></sentence><sentence id="DrugDDI.d115.s29" origId="s29" text="."/><sentence id="DrugDDI.d115.s30" origId="s30" text="?"/></document>