<?xml version="1.0" encoding="UTF-8"?>
<document id="DrugDDI.d345" origId="Aspirin"><sentence id="DrugDDI.d345.s0" origId="s0" text="Uricosuric Agents: Aspirin may decrease the effects of probenecid, sulfinpyrazone, and phenylbutazone."><entity id="DrugDDI.d345.s0.e0" origId="s0.p0" charOffset="0-17" type="drug" text="Uricosuric Agents"/><entity id="DrugDDI.d345.s0.e1" origId="s0.p2" charOffset="19-26" type="drug" text="Aspirin"/><entity id="DrugDDI.d345.s0.e2" origId="s0.p6" charOffset="55-65" type="drug" text="probenecid"/><entity id="DrugDDI.d345.s0.e3" origId="s0.p7" charOffset="67-81" type="drug" text="sulfinpyrazone"/><entity id="DrugDDI.d345.s0.e4" origId="s0.p9" charOffset="87-101" type="drug" text="phenylbutazone"/><pair id="DrugDDI.d345.s0.p0" e1="DrugDDI.d345.s0.e0" e2="DrugDDI.d345.s0.e1" interaction="false"/><pair id="DrugDDI.d345.s0.p1" e1="DrugDDI.d345.s0.e0" e2="DrugDDI.d345.s0.e2" interaction="false"/><pair id="DrugDDI.d345.s0.p2" e1="DrugDDI.d345.s0.e0" e2="DrugDDI.d345.s0.e3" interaction="false"/><pair id="DrugDDI.d345.s0.p3" e1="DrugDDI.d345.s0.e0" e2="DrugDDI.d345.s0.e4" interaction="false"/><pair id="DrugDDI.d345.s0.p4" e1="DrugDDI.d345.s0.e1" e2="DrugDDI.d345.s0.e2" interaction="true"/><pair id="DrugDDI.d345.s0.p5" e1="DrugDDI.d345.s0.e1" e2="DrugDDI.d345.s0.e3" interaction="true"/><pair id="DrugDDI.d345.s0.p6" e1="DrugDDI.d345.s0.e1" e2="DrugDDI.d345.s0.e4" interaction="true"/><pair id="DrugDDI.d345.s0.p7" e1="DrugDDI.d345.s0.e2" e2="DrugDDI.d345.s0.e3" interaction="false"/><pair id="DrugDDI.d345.s0.p8" e1="DrugDDI.d345.s0.e2" e2="DrugDDI.d345.s0.e4" interaction="false"/><pair id="DrugDDI.d345.s0.p9" e1="DrugDDI.d345.s0.e3" e2="DrugDDI.d345.s0.e4" interaction="false"/></sentence><sentence id="DrugDDI.d345.s1" origId="s1" text="Alcohol: Has a synergistic effect with aspirin in causing gastrointestinal bleeding."><entity id="DrugDDI.d345.s1.e0" origId="s1.p10" charOffset="0-7" type="drug" text="Alcohol"/><entity id="DrugDDI.d345.s1.e1" origId="s1.p14" charOffset="39-46" type="drug" text="aspirin"/><pair id="DrugDDI.d345.s1.p0" e1="DrugDDI.d345.s1.e0" e2="DrugDDI.d345.s1.e1" interaction="true"/></sentence><sentence id="DrugDDI.d345.s2" origId="s2" text="Corticosteroids: Concomitant administration with aspirin may increase the risk of gastrointestinal ulceration and may reduce serum salicylate levels."><entity id="DrugDDI.d345.s2.e0" origId="s2.p16" charOffset="0-15" type="drug" text="Corticosteroids"/><entity id="DrugDDI.d345.s2.e1" origId="s2.p19" charOffset="49-56" type="drug" text="aspirin"/><pair id="DrugDDI.d345.s2.p0" e1="DrugDDI.d345.s2.e0" e2="DrugDDI.d345.s2.e1" interaction="true"/></sentence><sentence id="DrugDDI.d345.s3" origId="s3" text="Pyrazolone Derivatives (phenylbutazone, oxyphenbutazone, and possibly dipyrone): Concomitant administration with aspirin may increase the risk of gastrointestinal ulceration."><entity id="DrugDDI.d345.s3.e0" origId="s3.p28" charOffset="0-10" type="drug" text="Pyrazolone"/><entity id="DrugDDI.d345.s3.e1" origId="s3.p30" charOffset="24-38" type="drug" text="phenylbutazone"/><entity id="DrugDDI.d345.s3.e2" origId="s3.p31" charOffset="40-55" type="drug" text="oxyphenbutazone"/><entity id="DrugDDI.d345.s3.e3" origId="s3.p33" charOffset="70-78" type="drug" text="dipyrone"/><entity id="DrugDDI.d345.s3.e4" origId="s3.p37" charOffset="113-120" type="drug" text="aspirin"/><pair id="DrugDDI.d345.s3.p0" e1="DrugDDI.d345.s3.e0" e2="DrugDDI.d345.s3.e1" interaction="false"/><pair id="DrugDDI.d345.s3.p1" e1="DrugDDI.d345.s3.e0" e2="DrugDDI.d345.s3.e2" interaction="false"/><pair id="DrugDDI.d345.s3.p2" e1="DrugDDI.d345.s3.e0" e2="DrugDDI.d345.s3.e3" interaction="false"/><pair id="DrugDDI.d345.s3.p3" e1="DrugDDI.d345.s3.e0" e2="DrugDDI.d345.s3.e4" interaction="true"/><pair id="DrugDDI.d345.s3.p4" e1="DrugDDI.d345.s3.e1" e2="DrugDDI.d345.s3.e2" interaction="false"/><pair id="DrugDDI.d345.s3.p5" e1="DrugDDI.d345.s3.e1" e2="DrugDDI.d345.s3.e3" interaction="false"/><pair id="DrugDDI.d345.s3.p6" e1="DrugDDI.d345.s3.e1" e2="DrugDDI.d345.s3.e4" interaction="true"/><pair id="DrugDDI.d345.s3.p7" e1="DrugDDI.d345.s3.e2" e2="DrugDDI.d345.s3.e3" interaction="false"/><pair id="DrugDDI.d345.s3.p8" e1="DrugDDI.d345.s3.e2" e2="DrugDDI.d345.s3.e4" interaction="true"/><pair id="DrugDDI.d345.s3.p9" e1="DrugDDI.d345.s3.e3" e2="DrugDDI.d345.s3.e4" interaction="true"/></sentence><sentence id="DrugDDI.d345.s4" origId="s4" text="Nonsteroidal Antiinflammatory Agents: Aspirin is contraindicated in patients who are hypersensitive to nonsteroidal anti-inflammatory agents."><entity id="DrugDDI.d345.s4.e0" origId="s4.p42" charOffset="0-36" type="drug" text="nonsteroidal antiinflammatory agents"/><entity id="DrugDDI.d345.s4.e1" origId="s4.p44" charOffset="38-45" type="drug" text="Aspirin"/><entity id="DrugDDI.d345.s4.e2" origId="s4.p51" charOffset="103-140" type="drug" text="nonsteroidal anti-inflammatory agents"/><pair id="DrugDDI.d345.s4.p0" e1="DrugDDI.d345.s4.e0" e2="DrugDDI.d345.s4.e1" interaction="false"/><pair id="DrugDDI.d345.s4.p1" e1="DrugDDI.d345.s4.e0" e2="DrugDDI.d345.s4.e2" interaction="false"/><pair id="DrugDDI.d345.s4.p2" e1="DrugDDI.d345.s4.e1" e2="DrugDDI.d345.s4.e2" interaction="true"/></sentence><sentence id="DrugDDI.d345.s5" origId="s5" text="Urinary Alkalinizers: Decrease aspirin effectiveness by increasing the rate of salicylate renal excretion."><entity id="DrugDDI.d345.s5.e0" origId="s5.p52" charOffset="0-7" type="drug" text="Urinary"/><entity id="DrugDDI.d345.s5.e1" origId="s5.p54" charOffset="31-38" type="drug" text="aspirin"/><entity id="DrugDDI.d345.s5.e2" origId="s5.p56" charOffset="79-89" type="drug" text="salicylate"/><pair id="DrugDDI.d345.s5.p0" e1="DrugDDI.d345.s5.e0" e2="DrugDDI.d345.s5.e1" interaction="true"/><pair id="DrugDDI.d345.s5.p1" e1="DrugDDI.d345.s5.e0" e2="DrugDDI.d345.s5.e2" interaction="false"/><pair id="DrugDDI.d345.s5.p2" e1="DrugDDI.d345.s5.e1" e2="DrugDDI.d345.s5.e2" interaction="false"/></sentence><sentence id="DrugDDI.d345.s6" origId="s6" text="Phenobarbital: Decreases aspirin effectiveness by enzyme induction."><entity id="DrugDDI.d345.s6.e0" origId="s6.p57" charOffset="0-13" type="drug" text="Phenobarbital"/><entity id="DrugDDI.d345.s6.e1" origId="s6.p60" charOffset="25-32" type="drug" text="aspirin"/><pair id="DrugDDI.d345.s6.p0" e1="DrugDDI.d345.s6.e0" e2="DrugDDI.d345.s6.e1" interaction="true"/></sentence><sentence id="DrugDDI.d345.s7" origId="s7" text="Phenytoin: Serum phenytoin levels may be increased by aspirin."><entity id="DrugDDI.d345.s7.e0" origId="s7.p62" charOffset="0-9" type="drug" text="Phenytoin"/><entity id="DrugDDI.d345.s7.e1" origId="s7.p64" charOffset="11-32" type="drug" text="Serum phenytoin level"/><entity id="DrugDDI.d345.s7.e2" origId="s7.p68" charOffset="54-61" type="drug" text="aspirin"/><pair id="DrugDDI.d345.s7.p0" e1="DrugDDI.d345.s7.e0" e2="DrugDDI.d345.s7.e1" interaction="false"/><pair id="DrugDDI.d345.s7.p1" e1="DrugDDI.d345.s7.e0" e2="DrugDDI.d345.s7.e2" interaction="false"/><pair id="DrugDDI.d345.s7.p2" e1="DrugDDI.d345.s7.e1" e2="DrugDDI.d345.s7.e2" interaction="true"/></sentence><sentence id="DrugDDI.d345.s8" origId="s8" text="Propranolol: May decrease aspirins anti-inflammatory action by competing for the same receptors."><entity id="DrugDDI.d345.s8.e0" origId="s8.p69" charOffset="0-11" type="drug" text="Propranolol"/><entity id="DrugDDI.d345.s8.e1" origId="s8.p73" charOffset="26-33" type="drug" text="aspirin"/><entity id="DrugDDI.d345.s8.e2" origId="s8.p77" charOffset="86-95" type="drug" text="receptors"/><pair id="DrugDDI.d345.s8.p0" e1="DrugDDI.d345.s8.e0" e2="DrugDDI.d345.s8.e1" interaction="true"/><pair id="DrugDDI.d345.s8.p1" e1="DrugDDI.d345.s8.e0" e2="DrugDDI.d345.s8.e2" interaction="false"/><pair id="DrugDDI.d345.s8.p2" e1="DrugDDI.d345.s8.e1" e2="DrugDDI.d345.s8.e2" interaction="false"/></sentence><sentence id="DrugDDI.d345.s9" origId="s9" text="Antacids: Enteric Coated Aspirin should not be given concurrently with antacids, since an increase in the pH of the stomach may effect the enteric coating of the tablets."><entity id="DrugDDI.d345.s9.e0" origId="s9.p78" charOffset="0-8" type="drug" text="Antacids"/><entity id="DrugDDI.d345.s9.e1" origId="s9.p80" charOffset="18-32" type="drug" text="Coated Aspirin"/><entity id="DrugDDI.d345.s9.e2" origId="s9.p86" charOffset="71-79" type="drug" text="antacids"/><pair id="DrugDDI.d345.s9.p0" e1="DrugDDI.d345.s9.e0" e2="DrugDDI.d345.s9.e1" interaction="false"/><pair id="DrugDDI.d345.s9.p1" e1="DrugDDI.d345.s9.e0" e2="DrugDDI.d345.s9.e2" interaction="false"/><pair id="DrugDDI.d345.s9.p2" e1="DrugDDI.d345.s9.e1" e2="DrugDDI.d345.s9.e2" interaction="true"/></sentence></document>