<?xml version="1.0" encoding="UTF-8"?>
<document id="DrugDDI.d450" origId="Atomoxetine"><sentence id="DrugDDI.d450.s0" origId="s0" text="Drug-Drug Interactions Albuterol - STRATTERA should be administered with caution to patients being treated with systemically-administered (oral or intravenous) albuterol (or other beta2 agonists) because the action of albuterol on the cardiovascular system can be potentiated resulting in increases in heart rate and blood pressure."><entity id="DrugDDI.d450.s0.e0" origId="s0.p0" charOffset="23-32" type="drug" text="Albuterol"/><entity id="DrugDDI.d450.s0.e1" origId="s0.p14" charOffset="160-169" type="drug" text="albuterol"/><entity id="DrugDDI.d450.s0.e2" origId="s0.p16" charOffset="186-194" type="drug" text="agonists"/><entity id="DrugDDI.d450.s0.e3" origId="s0.p20" charOffset="218-227" type="drug" text="albuterol"/><pair id="DrugDDI.d450.s0.p0" e1="DrugDDI.d450.s0.e0" e2="DrugDDI.d450.s0.e1" interaction="true"/><pair id="DrugDDI.d450.s0.p1" e1="DrugDDI.d450.s0.e0" e2="DrugDDI.d450.s0.e2" interaction="false"/><pair id="DrugDDI.d450.s0.p2" e1="DrugDDI.d450.s0.e0" e2="DrugDDI.d450.s0.e3" interaction="false"/><pair id="DrugDDI.d450.s0.p3" e1="DrugDDI.d450.s0.e1" e2="DrugDDI.d450.s0.e2" interaction="false"/><pair id="DrugDDI.d450.s0.p4" e1="DrugDDI.d450.s0.e1" e2="DrugDDI.d450.s0.e3" interaction="false"/><pair id="DrugDDI.d450.s0.p5" e1="DrugDDI.d450.s0.e2" e2="DrugDDI.d450.s0.e3" interaction="false"/></sentence><sentence id="DrugDDI.d450.s1" origId="s1" text="CYP2D6 inhibitors - Atomoxetine is primarily metabolized by the CYP2D6 pathway to 4-hydroxyatomoxetine."><entity id="DrugDDI.d450.s1.e0" origId="s1.p30" charOffset="20-31" type="drug" text="Atomoxetine"/><entity id="DrugDDI.d450.s1.e1" origId="s1.p34" charOffset="64-70" type="drug" text="CYP2D6"/><pair id="DrugDDI.d450.s1.p0" e1="DrugDDI.d450.s1.e0" e2="DrugDDI.d450.s1.e1" interaction="true"/></sentence><sentence id="DrugDDI.d450.s2" origId="s2" text="In EMs, selective inhibitors of CYP2D6 increase atomoxetine steady-state plasma concentrations to exposures similar to those observed in PMs."><entity id="DrugDDI.d450.s2.e0" origId="s2.p38" charOffset="48-59" type="drug" text="atomoxetine"/></sentence><sentence id="DrugDDI.d450.s3" origId="s3" text="Dosage adjustment of STRATTERA may be necessary when coadministered with CYP2D6 inhibitors, e.g., paroxetine, fluoxetine, and quinidine."><entity id="DrugDDI.d450.s3.e0" origId="s3.p44" charOffset="21-30" type="drug" text="STRATTERA"/><entity id="DrugDDI.d450.s3.e1" origId="s3.p50" charOffset="73-79" type="drug" text="CYP2D6"/><entity id="DrugDDI.d450.s3.e2" origId="s3.p53" charOffset="98-108" type="drug" text="paroxetine"/><entity id="DrugDDI.d450.s3.e3" origId="s3.p54" charOffset="110-120" type="drug" text="fluoxetine"/><entity id="DrugDDI.d450.s3.e4" origId="s3.p56" charOffset="126-135" type="drug" text="quinidine"/><pair id="DrugDDI.d450.s3.p0" e1="DrugDDI.d450.s3.e0" e2="DrugDDI.d450.s3.e1" interaction="true"/><pair id="DrugDDI.d450.s3.p1" e1="DrugDDI.d450.s3.e0" e2="DrugDDI.d450.s3.e2" interaction="false"/><pair id="DrugDDI.d450.s3.p2" e1="DrugDDI.d450.s3.e0" e2="DrugDDI.d450.s3.e3" interaction="true"/><pair id="DrugDDI.d450.s3.p3" e1="DrugDDI.d450.s3.e0" e2="DrugDDI.d450.s3.e4" interaction="false"/><pair id="DrugDDI.d450.s3.p4" e1="DrugDDI.d450.s3.e1" e2="DrugDDI.d450.s3.e2" interaction="false"/><pair id="DrugDDI.d450.s3.p5" e1="DrugDDI.d450.s3.e1" e2="DrugDDI.d450.s3.e3" interaction="false"/><pair id="DrugDDI.d450.s3.p6" e1="DrugDDI.d450.s3.e1" e2="DrugDDI.d450.s3.e4" interaction="false"/><pair id="DrugDDI.d450.s3.p7" e1="DrugDDI.d450.s3.e2" e2="DrugDDI.d450.s3.e3" interaction="false"/><pair id="DrugDDI.d450.s3.p8" e1="DrugDDI.d450.s3.e2" e2="DrugDDI.d450.s3.e4" interaction="false"/><pair id="DrugDDI.d450.s3.p9" e1="DrugDDI.d450.s3.e3" e2="DrugDDI.d450.s3.e4" interaction="false"/></sentence><sentence id="DrugDDI.d450.s4" origId="s4" text="In EM individuals treated with paroxetine or fluoxetine, the AUC of atomoxetine is approximately 6- to 8-fold and Css,max is about 3- to 4-fold greater than atomoxetine alone."><entity id="DrugDDI.d450.s4.e0" origId="s4.p59" charOffset="31-41" type="drug" text="paroxetine"/><entity id="DrugDDI.d450.s4.e1" origId="s4.p61" charOffset="45-55" type="drug" text="fluoxetine"/><entity id="DrugDDI.d450.s4.e2" origId="s4.p63" charOffset="68-79" type="drug" text="atomoxetine"/><entity id="DrugDDI.d450.s4.e3" origId="s4.p73" charOffset="157-168" type="drug" text="atomoxetine"/><pair id="DrugDDI.d450.s4.p0" e1="DrugDDI.d450.s4.e0" e2="DrugDDI.d450.s4.e1" interaction="false"/><pair id="DrugDDI.d450.s4.p1" e1="DrugDDI.d450.s4.e0" e2="DrugDDI.d450.s4.e2" interaction="true"/><pair id="DrugDDI.d450.s4.p2" e1="DrugDDI.d450.s4.e0" e2="DrugDDI.d450.s4.e3" interaction="false"/><pair id="DrugDDI.d450.s4.p3" e1="DrugDDI.d450.s4.e1" e2="DrugDDI.d450.s4.e2" interaction="false"/><pair id="DrugDDI.d450.s4.p4" e1="DrugDDI.d450.s4.e1" e2="DrugDDI.d450.s4.e3" interaction="false"/><pair id="DrugDDI.d450.s4.p5" e1="DrugDDI.d450.s4.e2" e2="DrugDDI.d450.s4.e3" interaction="false"/></sentence><sentence id="DrugDDI.d450.s5" origId="s5" text="In vitro studies suggest that coadministration of cytochrome P450 inhibitors to PMs will not increase the plasma concentrations of atomoxetine."><entity id="DrugDDI.d450.s5.e0" origId="s5.p77" charOffset="50-65" type="drug" text="cytochrome P450"/><entity id="DrugDDI.d450.s5.e1" origId="s5.p83" charOffset="131-142" type="drug" text="atomoxetine"/><pair id="DrugDDI.d450.s5.p0" e1="DrugDDI.d450.s5.e0" e2="DrugDDI.d450.s5.e1" interaction="false"/></sentence><sentence id="DrugDDI.d450.s6" origId="s6" text="Pressor agents - Because of possible effects on blood pressure, STRATTERA should be used cautiously with pressor agents."><entity id="DrugDDI.d450.s6.e0" origId="s6.p84" charOffset="0-14" type="drug" text="pressor agents"/><entity id="DrugDDI.d450.s6.e1" origId="s6.p87" charOffset="64-73" type="drug" text="STRATTERA"/><entity id="DrugDDI.d450.s6.e2" origId="s6.p92" charOffset="105-119" type="drug" text="pressor agents"/><pair id="DrugDDI.d450.s6.p0" e1="DrugDDI.d450.s6.e0" e2="DrugDDI.d450.s6.e1" interaction="false"/><pair id="DrugDDI.d450.s6.p1" e1="DrugDDI.d450.s6.e0" e2="DrugDDI.d450.s6.e2" interaction="false"/><pair id="DrugDDI.d450.s6.p2" e1="DrugDDI.d450.s6.e1" e2="DrugDDI.d450.s6.e2" interaction="true"/></sentence></document>