<?xml version="1.0" encoding="UTF-8"?>
<document id="DrugDDI.d501" origId="Basiliximab"><sentence id="DrugDDI.d501.s0" origId="s0" text="No dose adjustment is necessary when Simulect? is added to triple-immunosuppression regimens including cyclosporine, corticosteroids, and either azathioprine or mycophenolate mofetil."><entity id="DrugDDI.d501.s0.e0" origId="s0.p8" charOffset="103-115" type="drug" text="cyclosporine"/><entity id="DrugDDI.d501.s0.e1" origId="s0.p9" charOffset="117-132" type="drug" text="corticosteroids"/><entity id="DrugDDI.d501.s0.e2" origId="s0.p11" charOffset="145-157" type="drug" text="azathioprine"/><entity id="DrugDDI.d501.s0.e3" origId="s0.p13" charOffset="161-182" type="drug" text="mycophenolate mofetil"/><pair id="DrugDDI.d501.s0.p0" e1="DrugDDI.d501.s0.e0" e2="DrugDDI.d501.s0.e1" interaction="false"/><pair id="DrugDDI.d501.s0.p1" e1="DrugDDI.d501.s0.e0" e2="DrugDDI.d501.s0.e2" interaction="false"/><pair id="DrugDDI.d501.s0.p2" e1="DrugDDI.d501.s0.e0" e2="DrugDDI.d501.s0.e3" interaction="false"/><pair id="DrugDDI.d501.s0.p3" e1="DrugDDI.d501.s0.e1" e2="DrugDDI.d501.s0.e2" interaction="false"/><pair id="DrugDDI.d501.s0.p4" e1="DrugDDI.d501.s0.e1" e2="DrugDDI.d501.s0.e3" interaction="false"/><pair id="DrugDDI.d501.s0.p5" e1="DrugDDI.d501.s0.e2" e2="DrugDDI.d501.s0.e3" interaction="false"/></sentence><sentence id="DrugDDI.d501.s1" origId="s1" text="Three clinical trials have investigated Simulect? use in combination with triple-therapy regimens."/><sentence id="DrugDDI.d501.s2" origId="s2" text="Pharmacokinetics were assessed in two of these trials."/><sentence id="DrugDDI.d501.s3" origId="s3" text="Total body clearance of Simulect? was reduced by an average 22% and 51% when azathioprine and mycophenolate mofetil, respectively, were added to a regimen consisting of cyclosporine, USP (MODIFIED) and corticosteroids."><entity id="DrugDDI.d501.s3.e0" origId="s3.p32" charOffset="77-89" type="drug" text="azathioprine"/><entity id="DrugDDI.d501.s3.e1" origId="s3.p34" charOffset="94-115" type="drug" text="mycophenolate mofetil"/><entity id="DrugDDI.d501.s3.e2" origId="s3.p40" charOffset="169-181" type="drug" text="cyclosporine"/><entity id="DrugDDI.d501.s3.e3" origId="s3.p46" charOffset="202-217" type="drug" text="corticosteroids"/><pair id="DrugDDI.d501.s3.p0" e1="DrugDDI.d501.s3.e0" e2="DrugDDI.d501.s3.e1" interaction="false"/><pair id="DrugDDI.d501.s3.p1" e1="DrugDDI.d501.s3.e0" e2="DrugDDI.d501.s3.e2" interaction="false"/><pair id="DrugDDI.d501.s3.p2" e1="DrugDDI.d501.s3.e0" e2="DrugDDI.d501.s3.e3" interaction="false"/><pair id="DrugDDI.d501.s3.p3" e1="DrugDDI.d501.s3.e1" e2="DrugDDI.d501.s3.e2" interaction="false"/><pair id="DrugDDI.d501.s3.p4" e1="DrugDDI.d501.s3.e1" e2="DrugDDI.d501.s3.e3" interaction="false"/><pair id="DrugDDI.d501.s3.p5" e1="DrugDDI.d501.s3.e2" e2="DrugDDI.d501.s3.e3" interaction="false"/></sentence><sentence id="DrugDDI.d501.s4" origId="s4" text="Nonetheless, the range of individual Simulect? clearance values in the presence of azathioprine (12-57 mL/h) or mycophenolate mofetil (7-54 mL/h) did not extend outside the range observed with dual therapy (10-78 mL/h)."><entity id="DrugDDI.d501.s4.e0" origId="s4.p51" charOffset="83-95" type="drug" text="azathioprine"/><entity id="DrugDDI.d501.s4.e1" origId="s4.p57" charOffset="112-133" type="drug" text="mycophenolate mofetil"/><pair id="DrugDDI.d501.s4.p0" e1="DrugDDI.d501.s4.e0" e2="DrugDDI.d501.s4.e1" interaction="false"/></sentence><sentence id="DrugDDI.d501.s5" origId="s5" text="The following medications have been administered in clinical trials with Simulect? with no increase in adverse reactions: ATG/ALG, azathioprine, corticosteroids, cyclosporine, mycophenolate mofetil, and muromonab-CD3."><entity id="DrugDDI.d501.s5.e0" origId="s5.p72" charOffset="14-25" type="drug" text="medications"/><entity id="DrugDDI.d501.s5.e1" origId="s5.p81" charOffset="122-125" type="drug" text="ATG"/><entity id="DrugDDI.d501.s5.e2" origId="s5.p83" charOffset="131-143" type="drug" text="azathioprine"/><entity id="DrugDDI.d501.s5.e3" origId="s5.p84" charOffset="145-160" type="drug" text="corticosteroids"/><entity id="DrugDDI.d501.s5.e4" origId="s5.p85" charOffset="162-174" type="drug" text="cyclosporine"/><entity id="DrugDDI.d501.s5.e5" origId="s5.p86" charOffset="176-197" type="drug" text="mycophenolate mofetil"/><entity id="DrugDDI.d501.s5.e6" origId="s5.p88" charOffset="203-216" type="drug" text="muromonab-CD3"/><pair id="DrugDDI.d501.s5.p0" e1="DrugDDI.d501.s5.e0" e2="DrugDDI.d501.s5.e1" interaction="false"/><pair id="DrugDDI.d501.s5.p1" e1="DrugDDI.d501.s5.e0" e2="DrugDDI.d501.s5.e2" interaction="false"/><pair id="DrugDDI.d501.s5.p2" e1="DrugDDI.d501.s5.e0" e2="DrugDDI.d501.s5.e3" interaction="false"/><pair id="DrugDDI.d501.s5.p3" e1="DrugDDI.d501.s5.e0" e2="DrugDDI.d501.s5.e4" interaction="false"/><pair id="DrugDDI.d501.s5.p4" e1="DrugDDI.d501.s5.e0" e2="DrugDDI.d501.s5.e5" interaction="false"/><pair id="DrugDDI.d501.s5.p5" e1="DrugDDI.d501.s5.e0" e2="DrugDDI.d501.s5.e6" interaction="false"/><pair id="DrugDDI.d501.s5.p6" e1="DrugDDI.d501.s5.e1" e2="DrugDDI.d501.s5.e2" interaction="false"/><pair id="DrugDDI.d501.s5.p7" e1="DrugDDI.d501.s5.e1" e2="DrugDDI.d501.s5.e3" interaction="false"/><pair id="DrugDDI.d501.s5.p8" e1="DrugDDI.d501.s5.e1" e2="DrugDDI.d501.s5.e4" interaction="false"/><pair id="DrugDDI.d501.s5.p9" e1="DrugDDI.d501.s5.e1" e2="DrugDDI.d501.s5.e5" interaction="false"/><pair id="DrugDDI.d501.s5.p10" e1="DrugDDI.d501.s5.e1" e2="DrugDDI.d501.s5.e6" interaction="false"/><pair id="DrugDDI.d501.s5.p11" e1="DrugDDI.d501.s5.e2" e2="DrugDDI.d501.s5.e3" interaction="false"/><pair id="DrugDDI.d501.s5.p12" e1="DrugDDI.d501.s5.e2" e2="DrugDDI.d501.s5.e4" interaction="false"/><pair id="DrugDDI.d501.s5.p13" e1="DrugDDI.d501.s5.e2" e2="DrugDDI.d501.s5.e5" interaction="false"/><pair id="DrugDDI.d501.s5.p14" e1="DrugDDI.d501.s5.e2" e2="DrugDDI.d501.s5.e6" interaction="false"/><pair id="DrugDDI.d501.s5.p15" e1="DrugDDI.d501.s5.e3" e2="DrugDDI.d501.s5.e4" interaction="false"/><pair id="DrugDDI.d501.s5.p16" e1="DrugDDI.d501.s5.e3" e2="DrugDDI.d501.s5.e5" interaction="false"/><pair id="DrugDDI.d501.s5.p17" e1="DrugDDI.d501.s5.e3" e2="DrugDDI.d501.s5.e6" interaction="false"/><pair id="DrugDDI.d501.s5.p18" e1="DrugDDI.d501.s5.e4" e2="DrugDDI.d501.s5.e5" interaction="false"/><pair id="DrugDDI.d501.s5.p19" e1="DrugDDI.d501.s5.e4" e2="DrugDDI.d501.s5.e6" interaction="false"/><pair id="DrugDDI.d501.s5.p20" e1="DrugDDI.d501.s5.e5" e2="DrugDDI.d501.s5.e6" interaction="false"/></sentence></document>