<?xml version="1.0" encoding="UTF-8"?>
<document id="DrugDDI.d216" origId="Benztropine"><sentence id="DrugDDI.d216.s0" origId="s0" text="Antipsychotic drugs such as phenothiazines or haloperidol;"><entity id="DrugDDI.d216.s0.e0" origId="s0.p0" charOffset="0-19" type="drug" text="Antipsychotic drugs"/><entity id="DrugDDI.d216.s0.e1" origId="s0.p1" charOffset="28-42" type="drug" text="phenothiazines"/><entity id="DrugDDI.d216.s0.e2" origId="s0.p3" charOffset="46-57" type="drug" text="haloperidol"/><pair id="DrugDDI.d216.s0.p0" e1="DrugDDI.d216.s0.e0" e2="DrugDDI.d216.s0.e1" interaction="false"/><pair id="DrugDDI.d216.s0.p1" e1="DrugDDI.d216.s0.e0" e2="DrugDDI.d216.s0.e2" interaction="false"/><pair id="DrugDDI.d216.s0.p2" e1="DrugDDI.d216.s0.e1" e2="DrugDDI.d216.s0.e2" interaction="false"/></sentence><sentence id="DrugDDI.d216.s1" origId="s1" text="tricyclic antidepressants."><entity id="DrugDDI.d216.s1.e0" origId="s1.p5" charOffset="0-25" type="drug" text="tricyclic antidepressants"/></sentence></document>