<?xml version="1.0" encoding="UTF-8"?>
<document id="DrugDDI.d71" origId="Bepridil"><sentence id="DrugDDI.d71.s0" origId="s0" text="Nitrates: The concomitant use of Bepridil with long- and short-acting nitrates has been safely tolerated in patients with stable angina pectoris."><entity id="DrugDDI.d71.s0.e0" origId="s0.p0" charOffset="0-8" type="drug" text="Nitrates"/><entity id="DrugDDI.d71.s0.e1" origId="s0.p3" charOffset="33-41" type="drug" text="Bepridil"/><entity id="DrugDDI.d71.s0.e2" origId="s0.p6" charOffset="70-78" type="drug" text="nitrates"/><pair id="DrugDDI.d71.s0.p0" e1="DrugDDI.d71.s0.e0" e2="DrugDDI.d71.s0.e1" interaction="false"/><pair id="DrugDDI.d71.s0.p1" e1="DrugDDI.d71.s0.e0" e2="DrugDDI.d71.s0.e2" interaction="false"/><pair id="DrugDDI.d71.s0.p2" e1="DrugDDI.d71.s0.e1" e2="DrugDDI.d71.s0.e2" interaction="false"/></sentence><sentence id="DrugDDI.d71.s1" origId="s1" text="Sublingual nitroglycerin may be taken if necessary for the control of acute angina attacks during Bepridil therapy."><entity id="DrugDDI.d71.s1.e0" origId="s1.p13" charOffset="11-24" type="drug" text="nitroglycerin"/><entity id="DrugDDI.d71.s1.e1" origId="s1.p21" charOffset="98-106" type="drug" text="Bepridil"/><pair id="DrugDDI.d71.s1.p0" e1="DrugDDI.d71.s1.e0" e2="DrugDDI.d71.s1.e1" interaction="false"/></sentence><sentence id="DrugDDI.d71.s2" origId="s2" text="Beta-blocking Agents: The concomitant use of Bepridil and beta-blocking agents has been well tolerated in patients with stable angina."><entity id="DrugDDI.d71.s2.e0" origId="s2.p22" charOffset="0-19" type="drug" text="Beta-blocking Agent"/><entity id="DrugDDI.d71.s2.e1" origId="s2.p25" charOffset="45-53" type="drug" text="Bepridil"/><entity id="DrugDDI.d71.s2.e2" origId="s2.p27" charOffset="58-77" type="drug" text="beta-blocking agent"/><pair id="DrugDDI.d71.s2.p0" e1="DrugDDI.d71.s2.e0" e2="DrugDDI.d71.s2.e1" interaction="false"/><pair id="DrugDDI.d71.s2.p1" e1="DrugDDI.d71.s2.e0" e2="DrugDDI.d71.s2.e2" interaction="false"/><pair id="DrugDDI.d71.s2.p2" e1="DrugDDI.d71.s2.e1" e2="DrugDDI.d71.s2.e2" interaction="false"/></sentence><sentence id="DrugDDI.d71.s3" origId="s3" text="Available data are not sufficient, however, to predict the effects of concomitant medication on patients with impaired ventricular function or cardiac conduction abnormalities."><entity id="DrugDDI.d71.s3.e0" origId="s3.p40" charOffset="82-93" type="drug" text="medication"/></sentence><sentence id="DrugDDI.d71.s4" origId="s4" text="Digoxin: In controlled studies in healthy volunteers, bepridil hydrochloride either had no effect (one study) or was associated with modest increases, about 30% (two studies) in steady-state serum digoxin concentrations."><entity id="DrugDDI.d71.s4.e0" origId="s4.p45" charOffset="0-7" type="drug" text="Digoxin"/><entity id="DrugDDI.d71.s4.e1" origId="s4.p49" charOffset="54-76" type="drug" text="bepridil hydrochloride"/><entity id="DrugDDI.d71.s4.e2" origId="s4.p64" charOffset="197-204" type="drug" text="digoxin"/><pair id="DrugDDI.d71.s4.p0" e1="DrugDDI.d71.s4.e0" e2="DrugDDI.d71.s4.e1" interaction="false"/><pair id="DrugDDI.d71.s4.p1" e1="DrugDDI.d71.s4.e0" e2="DrugDDI.d71.s4.e2" interaction="false"/><pair id="DrugDDI.d71.s4.p2" e1="DrugDDI.d71.s4.e1" e2="DrugDDI.d71.s4.e2" interaction="true"/></sentence><sentence id="DrugDDI.d71.s5" origId="s5" text="Limited clinical data in angina patients receiving concomitant bepridil hydrochloride and digoxin therapy indicate no discernible changes in serum digoxin levels."><entity id="DrugDDI.d71.s5.e0" origId="s5.p68" charOffset="63-85" type="drug" text="bepridil hydrochloride"/><entity id="DrugDDI.d71.s5.e1" origId="s5.p70" charOffset="90-97" type="drug" text="digoxin"/><pair id="DrugDDI.d71.s5.p0" e1="DrugDDI.d71.s5.e0" e2="DrugDDI.d71.s5.e1" interaction="false"/></sentence><sentence id="DrugDDI.d71.s6" origId="s6" text="Available data are neither sufficient to rule out possible increases in serum digoxin with concomitant treatment in some patients, nor other possible interactions, particularly in patients with cardiac conduction abnormalities (Also see WARNINGS Congestive Heart Failure)."><entity id="DrugDDI.d71.s6.e0" origId="s6.p80" charOffset="78-85" type="drug" text="digoxin"/></sentence><sentence id="DrugDDI.d71.s7" origId="s7" text="Oral Hypoglycemics: Bepridil has been safely used in diabetic patients without significantly lowering their blood glucose levels or altering their need for insulin or oral hypoglycemic agents."><entity id="DrugDDI.d71.s7.e0" origId="s7.p93" charOffset="0-18" type="drug" text="oral hypoglycemics"/><entity id="DrugDDI.d71.s7.e1" origId="s7.p95" charOffset="20-28" type="drug" text="Bepridil"/><entity id="DrugDDI.d71.s7.e2" origId="s7.p107" charOffset="156-163" type="drug" text="insulin"/><entity id="DrugDDI.d71.s7.e3" origId="s7.p109" charOffset="172-191" type="drug" text="hypoglycemic agents"/><pair id="DrugDDI.d71.s7.p0" e1="DrugDDI.d71.s7.e0" e2="DrugDDI.d71.s7.e1" interaction="false"/><pair id="DrugDDI.d71.s7.p1" e1="DrugDDI.d71.s7.e0" e2="DrugDDI.d71.s7.e2" interaction="false"/><pair id="DrugDDI.d71.s7.p2" e1="DrugDDI.d71.s7.e0" e2="DrugDDI.d71.s7.e3" interaction="false"/><pair id="DrugDDI.d71.s7.p3" e1="DrugDDI.d71.s7.e1" e2="DrugDDI.d71.s7.e2" interaction="false"/><pair id="DrugDDI.d71.s7.p4" e1="DrugDDI.d71.s7.e1" e2="DrugDDI.d71.s7.e3" interaction="false"/><pair id="DrugDDI.d71.s7.p5" e1="DrugDDI.d71.s7.e2" e2="DrugDDI.d71.s7.e3" interaction="false"/></sentence><sentence id="DrugDDI.d71.s8" origId="s8" text="General Interactions: Certain drugs could increase the likelihood of potentially serious adverse effects with bepridil hydrochloride."><entity id="DrugDDI.d71.s8.e0" origId="s8.p112" charOffset="30-35" type="drug" text="drugs"/><entity id="DrugDDI.d71.s8.e1" origId="s8.p117" charOffset="110-132" type="drug" text="bepridil hydrochloride"/><pair id="DrugDDI.d71.s8.p0" e1="DrugDDI.d71.s8.e0" e2="DrugDDI.d71.s8.e1" interaction="true"/></sentence><sentence id="DrugDDI.d71.s9" origId="s9" text="In general, these are drugs that have one or more pharmacologic activities similar to bepridil hydrochloride, including anti-arrhythmic agents such as quinidine and procainamide, cardiac glycosides and tricyclic anti-depressants."><entity id="DrugDDI.d71.s9.e0" origId="s9.p121" charOffset="22-27" type="drug" text="drugs"/><entity id="DrugDDI.d71.s9.e1" origId="s9.p127" charOffset="86-108" type="drug" text="bepridil hydrochloride"/><entity id="DrugDDI.d71.s9.e2" origId="s9.p129" charOffset="120-142" type="drug" text="anti-arrhythmic agents"/><entity id="DrugDDI.d71.s9.e3" origId="s9.p130" charOffset="151-160" type="drug" text="quinidine"/><entity id="DrugDDI.d71.s9.e4" origId="s9.p132" charOffset="165-177" type="drug" text="procainamide"/><entity id="DrugDDI.d71.s9.e5" origId="s9.p133" charOffset="179-197" type="drug" text="cardiac glycosides"/><entity id="DrugDDI.d71.s9.e6" origId="s9.p135" charOffset="202-228" type="drug" text="tricyclic anti-depressants"/><pair id="DrugDDI.d71.s9.p0" e1="DrugDDI.d71.s9.e0" e2="DrugDDI.d71.s9.e1" interaction="false"/><pair id="DrugDDI.d71.s9.p1" e1="DrugDDI.d71.s9.e0" e2="DrugDDI.d71.s9.e2" interaction="false"/><pair id="DrugDDI.d71.s9.p2" e1="DrugDDI.d71.s9.e0" e2="DrugDDI.d71.s9.e3" interaction="false"/><pair id="DrugDDI.d71.s9.p3" e1="DrugDDI.d71.s9.e0" e2="DrugDDI.d71.s9.e4" interaction="false"/><pair id="DrugDDI.d71.s9.p4" e1="DrugDDI.d71.s9.e0" e2="DrugDDI.d71.s9.e5" interaction="false"/><pair id="DrugDDI.d71.s9.p5" e1="DrugDDI.d71.s9.e0" e2="DrugDDI.d71.s9.e6" interaction="false"/><pair id="DrugDDI.d71.s9.p6" e1="DrugDDI.d71.s9.e1" e2="DrugDDI.d71.s9.e2" interaction="false"/><pair id="DrugDDI.d71.s9.p7" e1="DrugDDI.d71.s9.e1" e2="DrugDDI.d71.s9.e3" interaction="false"/><pair id="DrugDDI.d71.s9.p8" e1="DrugDDI.d71.s9.e1" e2="DrugDDI.d71.s9.e4" interaction="false"/><pair id="DrugDDI.d71.s9.p9" e1="DrugDDI.d71.s9.e1" e2="DrugDDI.d71.s9.e5" interaction="false"/><pair id="DrugDDI.d71.s9.p10" e1="DrugDDI.d71.s9.e1" e2="DrugDDI.d71.s9.e6" interaction="false"/><pair id="DrugDDI.d71.s9.p11" e1="DrugDDI.d71.s9.e2" e2="DrugDDI.d71.s9.e3" interaction="false"/><pair id="DrugDDI.d71.s9.p12" e1="DrugDDI.d71.s9.e2" e2="DrugDDI.d71.s9.e4" interaction="false"/><pair id="DrugDDI.d71.s9.p13" e1="DrugDDI.d71.s9.e2" e2="DrugDDI.d71.s9.e5" interaction="false"/><pair id="DrugDDI.d71.s9.p14" e1="DrugDDI.d71.s9.e2" e2="DrugDDI.d71.s9.e6" interaction="false"/><pair id="DrugDDI.d71.s9.p15" e1="DrugDDI.d71.s9.e3" e2="DrugDDI.d71.s9.e4" interaction="false"/><pair id="DrugDDI.d71.s9.p16" e1="DrugDDI.d71.s9.e3" e2="DrugDDI.d71.s9.e5" interaction="false"/><pair id="DrugDDI.d71.s9.p17" e1="DrugDDI.d71.s9.e3" e2="DrugDDI.d71.s9.e6" interaction="false"/><pair id="DrugDDI.d71.s9.p18" e1="DrugDDI.d71.s9.e4" e2="DrugDDI.d71.s9.e5" interaction="false"/><pair id="DrugDDI.d71.s9.p19" e1="DrugDDI.d71.s9.e4" e2="DrugDDI.d71.s9.e6" interaction="false"/><pair id="DrugDDI.d71.s9.p20" e1="DrugDDI.d71.s9.e5" e2="DrugDDI.d71.s9.e6" interaction="false"/></sentence><sentence id="DrugDDI.d71.s10" origId="s10" text="Anti-arrhythmics and tricyclic anti-depressants could exaggerate the prolongation of the QT interval observed with bepridil hydrochloride."><entity id="DrugDDI.d71.s10.e0" origId="s10.p136" charOffset="0-16" type="drug" text="Anti-arrhythmics"/><entity id="DrugDDI.d71.s10.e1" origId="s10.p138" charOffset="21-47" type="drug" text="tricyclic anti-depressants"/><entity id="DrugDDI.d71.s10.e2" origId="s10.p144" charOffset="115-137" type="drug" text="bepridil hydrochloride"/><pair id="DrugDDI.d71.s10.p0" e1="DrugDDI.d71.s10.e0" e2="DrugDDI.d71.s10.e1" interaction="false"/><pair id="DrugDDI.d71.s10.p1" e1="DrugDDI.d71.s10.e0" e2="DrugDDI.d71.s10.e2" interaction="true"/><pair id="DrugDDI.d71.s10.p2" e1="DrugDDI.d71.s10.e1" e2="DrugDDI.d71.s10.e2" interaction="false"/></sentence><sentence id="DrugDDI.d71.s11" origId="s11" text="Cardiac glycosides could exaggerate the depression of AV nodal conduction observed with bepridil hydrochloride."><entity id="DrugDDI.d71.s11.e0" origId="s11.p145" charOffset="0-18" type="drug" text="Cardiac glycosides"/><entity id="DrugDDI.d71.s11.e1" origId="s11.p151" charOffset="88-110" type="drug" text="bepridil hydrochloride"/><pair id="DrugDDI.d71.s11.p0" e1="DrugDDI.d71.s11.e0" e2="DrugDDI.d71.s11.e1" interaction="true"/></sentence></document>