<?xml version="1.0" encoding="UTF-8"?>
<document id="DrugDDI.d5" origId="Bexarotene"><sentence id="DrugDDI.d5.s0" origId="s0" text="No formal studies to evaluate drug interactions with bexarotene have been conducted."><entity id="DrugDDI.d5.s0.e0" origId="s0.p3" charOffset="53-63" type="drug" text="bexarotene"/></sentence><sentence id="DrugDDI.d5.s1" origId="s1" text="Bexarotene oxidative metabolites appear to be formed by cytochrome P450 3A4."><entity id="DrugDDI.d5.s1.e0" origId="s1.p7" charOffset="0-10" type="drug" text="Bexarotene"/><entity id="DrugDDI.d5.s1.e1" origId="s1.p12" charOffset="56-75" type="drug" text="cytochrome P450 3A4"/><pair id="DrugDDI.d5.s1.p0" e1="DrugDDI.d5.s1.e0" e2="DrugDDI.d5.s1.e1" interaction="false"/></sentence><sentence id="DrugDDI.d5.s2" origId="s2" text="On the basis of the metabolism of bexarotene by cytochrome P450 3A4, ketoconazole, itraconazole, erythromycin, gemfibrozil, grapefruit juice, and other inhibitors of cytochrome P450 3A4 would be expected to lead to an increase in plasma bexarotene concentrations."><entity id="DrugDDI.d5.s2.e0" origId="s2.p15" charOffset="34-44" type="drug" text="bexarotene"/><entity id="DrugDDI.d5.s2.e1" origId="s2.p16" charOffset="48-67" type="drug" text="cytochrome P450 3A4"/><entity id="DrugDDI.d5.s2.e2" origId="s2.p17" charOffset="69-81" type="drug" text="ketoconazole"/><entity id="DrugDDI.d5.s2.e3" origId="s2.p18" charOffset="83-95" type="drug" text="itraconazole"/><entity id="DrugDDI.d5.s2.e4" origId="s2.p19" charOffset="97-109" type="drug" text="erythromycin"/><entity id="DrugDDI.d5.s2.e5" origId="s2.p20" charOffset="111-122" type="drug" text="gemfibrozil"/><entity id="DrugDDI.d5.s2.e6" origId="s2.p24" charOffset="166-185" type="drug" text="cytochrome P450 3A4"/><entity id="DrugDDI.d5.s2.e7" origId="s2.p31" charOffset="237-247" type="drug" text="bexarotene"/><pair id="DrugDDI.d5.s2.p0" e1="DrugDDI.d5.s2.e0" e2="DrugDDI.d5.s2.e1" interaction="false"/><pair id="DrugDDI.d5.s2.p1" e1="DrugDDI.d5.s2.e0" e2="DrugDDI.d5.s2.e2" interaction="false"/><pair id="DrugDDI.d5.s2.p2" e1="DrugDDI.d5.s2.e0" e2="DrugDDI.d5.s2.e3" interaction="false"/><pair id="DrugDDI.d5.s2.p3" e1="DrugDDI.d5.s2.e0" e2="DrugDDI.d5.s2.e4" interaction="false"/><pair id="DrugDDI.d5.s2.p4" e1="DrugDDI.d5.s2.e0" e2="DrugDDI.d5.s2.e5" interaction="false"/><pair id="DrugDDI.d5.s2.p5" e1="DrugDDI.d5.s2.e0" e2="DrugDDI.d5.s2.e6" interaction="false"/><pair id="DrugDDI.d5.s2.p6" e1="DrugDDI.d5.s2.e0" e2="DrugDDI.d5.s2.e7" interaction="false"/><pair id="DrugDDI.d5.s2.p7" e1="DrugDDI.d5.s2.e1" e2="DrugDDI.d5.s2.e2" interaction="false"/><pair id="DrugDDI.d5.s2.p8" e1="DrugDDI.d5.s2.e1" e2="DrugDDI.d5.s2.e3" interaction="false"/><pair id="DrugDDI.d5.s2.p9" e1="DrugDDI.d5.s2.e1" e2="DrugDDI.d5.s2.e4" interaction="false"/><pair id="DrugDDI.d5.s2.p10" e1="DrugDDI.d5.s2.e1" e2="DrugDDI.d5.s2.e5" interaction="false"/><pair id="DrugDDI.d5.s2.p11" e1="DrugDDI.d5.s2.e1" e2="DrugDDI.d5.s2.e6" interaction="false"/><pair id="DrugDDI.d5.s2.p12" e1="DrugDDI.d5.s2.e1" e2="DrugDDI.d5.s2.e7" interaction="false"/><pair id="DrugDDI.d5.s2.p13" e1="DrugDDI.d5.s2.e2" e2="DrugDDI.d5.s2.e3" interaction="false"/><pair id="DrugDDI.d5.s2.p14" e1="DrugDDI.d5.s2.e2" e2="DrugDDI.d5.s2.e4" interaction="false"/><pair id="DrugDDI.d5.s2.p15" e1="DrugDDI.d5.s2.e2" e2="DrugDDI.d5.s2.e5" interaction="false"/><pair id="DrugDDI.d5.s2.p16" e1="DrugDDI.d5.s2.e2" e2="DrugDDI.d5.s2.e6" interaction="false"/><pair id="DrugDDI.d5.s2.p17" e1="DrugDDI.d5.s2.e2" e2="DrugDDI.d5.s2.e7" interaction="true"/><pair id="DrugDDI.d5.s2.p18" e1="DrugDDI.d5.s2.e3" e2="DrugDDI.d5.s2.e4" interaction="false"/><pair id="DrugDDI.d5.s2.p19" e1="DrugDDI.d5.s2.e3" e2="DrugDDI.d5.s2.e5" interaction="false"/><pair id="DrugDDI.d5.s2.p20" e1="DrugDDI.d5.s2.e3" e2="DrugDDI.d5.s2.e6" interaction="false"/><pair id="DrugDDI.d5.s2.p21" e1="DrugDDI.d5.s2.e3" e2="DrugDDI.d5.s2.e7" interaction="false"/><pair id="DrugDDI.d5.s2.p22" e1="DrugDDI.d5.s2.e4" e2="DrugDDI.d5.s2.e5" interaction="false"/><pair id="DrugDDI.d5.s2.p23" e1="DrugDDI.d5.s2.e4" e2="DrugDDI.d5.s2.e6" interaction="false"/><pair id="DrugDDI.d5.s2.p24" e1="DrugDDI.d5.s2.e4" e2="DrugDDI.d5.s2.e7" interaction="true"/><pair id="DrugDDI.d5.s2.p25" e1="DrugDDI.d5.s2.e5" e2="DrugDDI.d5.s2.e6" interaction="false"/><pair id="DrugDDI.d5.s2.p26" e1="DrugDDI.d5.s2.e5" e2="DrugDDI.d5.s2.e7" interaction="false"/><pair id="DrugDDI.d5.s2.p27" e1="DrugDDI.d5.s2.e6" e2="DrugDDI.d5.s2.e7" interaction="true"/></sentence><sentence id="DrugDDI.d5.s3" origId="s3" text="Furthermore, rifampin, phenytoin, phenobarbital, and other inducers of cytochrome P450 3A4 may cause a reduction in plasma bexarotene concentrations."><entity id="DrugDDI.d5.s3.e0" origId="s3.p33" charOffset="13-21" type="drug" text="rifampin"/><entity id="DrugDDI.d5.s3.e1" origId="s3.p34" charOffset="23-32" type="drug" text="phenytoin"/><entity id="DrugDDI.d5.s3.e2" origId="s3.p35" charOffset="34-47" type="drug" text="phenobarbital"/><entity id="DrugDDI.d5.s3.e3" origId="s3.p38" charOffset="71-90" type="drug" text="cytochrome P450 3A4"/><entity id="DrugDDI.d5.s3.e4" origId="s3.p42" charOffset="123-133" type="drug" text="bexarotene"/><pair id="DrugDDI.d5.s3.p0" e1="DrugDDI.d5.s3.e0" e2="DrugDDI.d5.s3.e1" interaction="false"/><pair id="DrugDDI.d5.s3.p1" e1="DrugDDI.d5.s3.e0" e2="DrugDDI.d5.s3.e2" interaction="false"/><pair id="DrugDDI.d5.s3.p2" e1="DrugDDI.d5.s3.e0" e2="DrugDDI.d5.s3.e3" interaction="false"/><pair id="DrugDDI.d5.s3.p3" e1="DrugDDI.d5.s3.e0" e2="DrugDDI.d5.s3.e4" interaction="true"/><pair id="DrugDDI.d5.s3.p4" e1="DrugDDI.d5.s3.e1" e2="DrugDDI.d5.s3.e2" interaction="false"/><pair id="DrugDDI.d5.s3.p5" e1="DrugDDI.d5.s3.e1" e2="DrugDDI.d5.s3.e3" interaction="false"/><pair id="DrugDDI.d5.s3.p6" e1="DrugDDI.d5.s3.e1" e2="DrugDDI.d5.s3.e4" interaction="true"/><pair id="DrugDDI.d5.s3.p7" e1="DrugDDI.d5.s3.e2" e2="DrugDDI.d5.s3.e3" interaction="false"/><pair id="DrugDDI.d5.s3.p8" e1="DrugDDI.d5.s3.e2" e2="DrugDDI.d5.s3.e4" interaction="true"/><pair id="DrugDDI.d5.s3.p9" e1="DrugDDI.d5.s3.e3" e2="DrugDDI.d5.s3.e4" interaction="false"/></sentence><sentence id="DrugDDI.d5.s4" origId="s4" text="Concomitant administration of Targretin ? capsules and gemfibrozil resulted in substantial increases in plasma concentrations of bexarotene, probably at least partially related to cytochrome P450 3A4 inhibition by gemfibrozil."><entity id="DrugDDI.d5.s4.e0" origId="s4.p44" charOffset="30-39" type="drug" text="Targretin"/><entity id="DrugDDI.d5.s4.e1" origId="s4.p46" charOffset="55-66" type="drug" text="gemfibrozil"/><entity id="DrugDDI.d5.s4.e2" origId="s4.p50" charOffset="129-139" type="drug" text="bexarotene"/><entity id="DrugDDI.d5.s4.e3" origId="s4.p55" charOffset="180-199" type="drug" text="cytochrome P450 3A4"/><entity id="DrugDDI.d5.s4.e4" origId="s4.p56" charOffset="214-226" type="drug" text="gemfibrozil"/><pair id="DrugDDI.d5.s4.p0" e1="DrugDDI.d5.s4.e0" e2="DrugDDI.d5.s4.e1" interaction="true"/><pair id="DrugDDI.d5.s4.p1" e1="DrugDDI.d5.s4.e0" e2="DrugDDI.d5.s4.e2" interaction="true"/><pair id="DrugDDI.d5.s4.p2" e1="DrugDDI.d5.s4.e0" e2="DrugDDI.d5.s4.e3" interaction="false"/><pair id="DrugDDI.d5.s4.p3" e1="DrugDDI.d5.s4.e0" e2="DrugDDI.d5.s4.e4" interaction="false"/><pair id="DrugDDI.d5.s4.p4" e1="DrugDDI.d5.s4.e1" e2="DrugDDI.d5.s4.e2" interaction="true"/><pair id="DrugDDI.d5.s4.p5" e1="DrugDDI.d5.s4.e1" e2="DrugDDI.d5.s4.e3" interaction="false"/><pair id="DrugDDI.d5.s4.p6" e1="DrugDDI.d5.s4.e1" e2="DrugDDI.d5.s4.e4" interaction="false"/><pair id="DrugDDI.d5.s4.p7" e1="DrugDDI.d5.s4.e2" e2="DrugDDI.d5.s4.e3" interaction="false"/><pair id="DrugDDI.d5.s4.p8" e1="DrugDDI.d5.s4.e2" e2="DrugDDI.d5.s4.e4" interaction="true"/><pair id="DrugDDI.d5.s4.p9" e1="DrugDDI.d5.s4.e3" e2="DrugDDI.d5.s4.e4" interaction="false"/></sentence><sentence id="DrugDDI.d5.s5" origId="s5" text="Under similar conditions, bexarotene concentrations were not affected by concomitant atorvastatin administration."><entity id="DrugDDI.d5.s5.e0" origId="s5.p58" charOffset="26-36" type="drug" text="bexarotene"/><entity id="DrugDDI.d5.s5.e1" origId="s5.p62" charOffset="85-97" type="drug" text="atorvastatin"/><pair id="DrugDDI.d5.s5.p0" e1="DrugDDI.d5.s5.e0" e2="DrugDDI.d5.s5.e1" interaction="false"/></sentence><sentence id="DrugDDI.d5.s6" origId="s6" text="Concomitant administration of gemfibrozil with Targretin ? capsules is not recommended."><entity id="DrugDDI.d5.s6.e0" origId="s6.p64" charOffset="30-42" type="drug" text="gemfibrozil"/><entity id="DrugDDI.d5.s6.e1" origId="s6.p65" charOffset="47-56" type="drug" text="Targretin"/><pair id="DrugDDI.d5.s6.p0" e1="DrugDDI.d5.s6.e0" e2="DrugDDI.d5.s6.e1" interaction="true"/></sentence></document>