<?xml version="1.0" encoding="UTF-8"?>
<document id="DrugDDI.d52" origId="Bleomycin"><sentence id="DrugDDI.d52.s0" origId="s0" text="Certain antibiotic, cisplatin, cyclosporine, diuretic, foscarnet, and vaccines."><entity id="DrugDDI.d52.s0.e0" origId="s0.p0" charOffset="8-18" type="drug" text="antibiotic"/><entity id="DrugDDI.d52.s0.e1" origId="s0.p1" charOffset="20-29" type="drug" text="cisplatin"/><entity id="DrugDDI.d52.s0.e2" origId="s0.p2" charOffset="31-43" type="drug" text="cyclosporine"/><entity id="DrugDDI.d52.s0.e3" origId="s0.p3" charOffset="45-53" type="drug" text="diuretic"/><entity id="DrugDDI.d52.s0.e4" origId="s0.p5" charOffset="70-78" type="drug" text="vaccines"/><pair id="DrugDDI.d52.s0.p0" e1="DrugDDI.d52.s0.e0" e2="DrugDDI.d52.s0.e1" interaction="false"/><pair id="DrugDDI.d52.s0.p1" e1="DrugDDI.d52.s0.e0" e2="DrugDDI.d52.s0.e2" interaction="false"/><pair id="DrugDDI.d52.s0.p2" e1="DrugDDI.d52.s0.e0" e2="DrugDDI.d52.s0.e3" interaction="false"/><pair id="DrugDDI.d52.s0.p3" e1="DrugDDI.d52.s0.e0" e2="DrugDDI.d52.s0.e4" interaction="false"/><pair id="DrugDDI.d52.s0.p4" e1="DrugDDI.d52.s0.e1" e2="DrugDDI.d52.s0.e2" interaction="false"/><pair id="DrugDDI.d52.s0.p5" e1="DrugDDI.d52.s0.e1" e2="DrugDDI.d52.s0.e3" interaction="false"/><pair id="DrugDDI.d52.s0.p6" e1="DrugDDI.d52.s0.e1" e2="DrugDDI.d52.s0.e4" interaction="false"/><pair id="DrugDDI.d52.s0.p7" e1="DrugDDI.d52.s0.e2" e2="DrugDDI.d52.s0.e3" interaction="false"/><pair id="DrugDDI.d52.s0.p8" e1="DrugDDI.d52.s0.e2" e2="DrugDDI.d52.s0.e4" interaction="false"/><pair id="DrugDDI.d52.s0.p9" e1="DrugDDI.d52.s0.e3" e2="DrugDDI.d52.s0.e4" interaction="false"/></sentence></document>