<?xml version="1.0" encoding="UTF-8"?>
<document id="DrugDDI.d307" origId="Brinzolamide"><sentence id="DrugDDI.d307.s0" origId="s0" text="AZOPT (brinzolamide ophthalmic suspension) 1% contains a carbonic anhydrase inhibitor."><entity id="DrugDDI.d307.s0.e0" origId="s0.p0" charOffset="0-5" type="drug" text="AZOPT"/><entity id="DrugDDI.d307.s0.e1" origId="s0.p2" charOffset="7-41" type="drug" text="brinzolamide ophthalmic suspension"/><entity id="DrugDDI.d307.s0.e2" origId="s0.p6" charOffset="57-85" type="drug" text="carbonic anhydrase inhibitor"/><pair id="DrugDDI.d307.s0.p0" e1="DrugDDI.d307.s0.e0" e2="DrugDDI.d307.s0.e1" interaction="false"/><pair id="DrugDDI.d307.s0.p1" e1="DrugDDI.d307.s0.e0" e2="DrugDDI.d307.s0.e2" interaction="false"/><pair id="DrugDDI.d307.s0.p2" e1="DrugDDI.d307.s0.e1" e2="DrugDDI.d307.s0.e2" interaction="false"/></sentence><sentence id="DrugDDI.d307.s1" origId="s1" text="Acid-base and electrolyte alterations were not reported in the clinical trials with brinzolamide."><entity id="DrugDDI.d307.s1.e0" origId="s1.p14" charOffset="84-96" type="drug" text="brinzolamide"/></sentence><sentence id="DrugDDI.d307.s2" origId="s2" text="However, in patients treated with oral carbonic anhydrase inhibitors, rare instances of drug interactions have occurred with high-dose salicylate therapy."><entity id="DrugDDI.d307.s2.e0" origId="s2.p18" charOffset="39-68" type="drug" text="carbonic anhydrase inhibitors"/><entity id="DrugDDI.d307.s2.e1" origId="s2.p23" charOffset="135-145" type="drug" text="salicylate"/><pair id="DrugDDI.d307.s2.p0" e1="DrugDDI.d307.s2.e0" e2="DrugDDI.d307.s2.e1" interaction="true"/></sentence><sentence id="DrugDDI.d307.s3" origId="s3" text="Therefore, the potential for such drug interaction should be considered in patients receiving AZOPT (brinzolamide ophthalmic suspension) 1%."><entity id="DrugDDI.d307.s3.e0" origId="s3.p32" charOffset="94-99" type="drug" text="AZOPT"/><entity id="DrugDDI.d307.s3.e1" origId="s3.p34" charOffset="101-135" type="drug" text="brinzolamide ophthalmic suspension"/><pair id="DrugDDI.d307.s3.p0" e1="DrugDDI.d307.s3.e0" e2="DrugDDI.d307.s3.e1" interaction="false"/></sentence></document>