<?xml version="1.0" encoding="UTF-8"?>
<document id="DrugDDI.d515" origId="Buspirone"><sentence id="DrugDDI.d515.s0" origId="s0" text="It is recommended that buspirone hydrochloride not be used concomitantly with MAO inhibitors Because the effects of concomitant administration of buspirone HCl with most other psychotropic drugs have not been studied, the concomitant use of buspirone HCl with other CNS-active drugs should be approached with caution."><entity id="DrugDDI.d515.s0.e0" origId="s0.p3" charOffset="23-46" type="drug" text="buspirone hydrochloride"/><entity id="DrugDDI.d515.s0.e1" origId="s0.p8" charOffset="78-92" type="drug" text="MAO inhibitors"/><entity id="DrugDDI.d515.s0.e2" origId="s0.p12" charOffset="146-159" type="drug" text="buspirone HCl"/><entity id="DrugDDI.d515.s0.e3" origId="s0.p13" charOffset="176-194" type="drug" text="psychotropic drugs"/><entity id="DrugDDI.d515.s0.e4" origId="s0.p20" charOffset="241-254" type="drug" text="buspirone HCl"/><entity id="DrugDDI.d515.s0.e5" origId="s0.p21" charOffset="266-282" type="drug" text="cns-active drugs"/><pair id="DrugDDI.d515.s0.p0" e1="DrugDDI.d515.s0.e0" e2="DrugDDI.d515.s0.e1" interaction="true"/><pair id="DrugDDI.d515.s0.p1" e1="DrugDDI.d515.s0.e0" e2="DrugDDI.d515.s0.e2" interaction="false"/><pair id="DrugDDI.d515.s0.p2" e1="DrugDDI.d515.s0.e0" e2="DrugDDI.d515.s0.e3" interaction="false"/><pair id="DrugDDI.d515.s0.p3" e1="DrugDDI.d515.s0.e0" e2="DrugDDI.d515.s0.e4" interaction="false"/><pair id="DrugDDI.d515.s0.p4" e1="DrugDDI.d515.s0.e0" e2="DrugDDI.d515.s0.e5" interaction="false"/><pair id="DrugDDI.d515.s0.p5" e1="DrugDDI.d515.s0.e1" e2="DrugDDI.d515.s0.e2" interaction="false"/><pair id="DrugDDI.d515.s0.p6" e1="DrugDDI.d515.s0.e1" e2="DrugDDI.d515.s0.e3" interaction="false"/><pair id="DrugDDI.d515.s0.p7" e1="DrugDDI.d515.s0.e1" e2="DrugDDI.d515.s0.e4" interaction="false"/><pair id="DrugDDI.d515.s0.p8" e1="DrugDDI.d515.s0.e1" e2="DrugDDI.d515.s0.e5" interaction="false"/><pair id="DrugDDI.d515.s0.p9" e1="DrugDDI.d515.s0.e2" e2="DrugDDI.d515.s0.e3" interaction="false"/><pair id="DrugDDI.d515.s0.p10" e1="DrugDDI.d515.s0.e2" e2="DrugDDI.d515.s0.e4" interaction="false"/><pair id="DrugDDI.d515.s0.p11" e1="DrugDDI.d515.s0.e2" e2="DrugDDI.d515.s0.e5" interaction="false"/><pair id="DrugDDI.d515.s0.p12" e1="DrugDDI.d515.s0.e3" e2="DrugDDI.d515.s0.e4" interaction="false"/><pair id="DrugDDI.d515.s0.p13" e1="DrugDDI.d515.s0.e3" e2="DrugDDI.d515.s0.e5" interaction="false"/><pair id="DrugDDI.d515.s0.p14" e1="DrugDDI.d515.s0.e4" e2="DrugDDI.d515.s0.e5" interaction="false"/></sentence><sentence id="DrugDDI.d515.s1" origId="s1" text="There is one report suggesting that the concomitant use of trazodone hydrochloride (Desyrel) and buspirone HCl may have caused 3- to 6-fold elevations on SGPT (ALT) in a few patients."><entity id="DrugDDI.d515.s1.e0" origId="s1.p32" charOffset="59-82" type="drug" text="trazodone hydrochloride"/><entity id="DrugDDI.d515.s1.e1" origId="s1.p34" charOffset="84-91" type="drug" text="Desyrel"/><entity id="DrugDDI.d515.s1.e2" origId="s1.p37" charOffset="97-110" type="drug" text="buspirone HCl"/><pair id="DrugDDI.d515.s1.p0" e1="DrugDDI.d515.s1.e0" e2="DrugDDI.d515.s1.e1" interaction="false"/><pair id="DrugDDI.d515.s1.p1" e1="DrugDDI.d515.s1.e0" e2="DrugDDI.d515.s1.e2" interaction="true"/><pair id="DrugDDI.d515.s1.p2" e1="DrugDDI.d515.s1.e1" e2="DrugDDI.d515.s1.e2" interaction="true"/></sentence><sentence id="DrugDDI.d515.s2" origId="s2" text="In a similar study, attempting to replicate this finding, no interactive effect on hepatic transaminases was identified."><entity id="DrugDDI.d515.s2.e0" origId="s2.p54" charOffset="91-104" type="drug" text="transaminases"/></sentence><sentence id="DrugDDI.d515.s3" origId="s3" text="In a study in normal volunteers, concomitant administration of buspirone HCl and haloperidol resulted in increased serum haloperidol concentrations."><entity id="DrugDDI.d515.s3.e0" origId="s3.p60" charOffset="63-76" type="drug" text="buspirone HCl"/><entity id="DrugDDI.d515.s3.e1" origId="s3.p62" charOffset="81-92" type="drug" text="haloperidol"/><entity id="DrugDDI.d515.s3.e2" origId="s3.p64" charOffset="121-132" type="drug" text="haloperidol"/><pair id="DrugDDI.d515.s3.p0" e1="DrugDDI.d515.s3.e0" e2="DrugDDI.d515.s3.e1" interaction="true"/><pair id="DrugDDI.d515.s3.p1" e1="DrugDDI.d515.s3.e0" e2="DrugDDI.d515.s3.e2" interaction="false"/><pair id="DrugDDI.d515.s3.p2" e1="DrugDDI.d515.s3.e1" e2="DrugDDI.d515.s3.e2" interaction="false"/></sentence><sentence id="DrugDDI.d515.s4" origId="s4" text="The clinical significance of this finding is not clear."/><sentence id="DrugDDI.d515.s5" origId="s5" text="In vitro, buspirone does not displace tightly bound drugs like phenytoin, propranolol, and warfarin from serum proteins."><entity id="DrugDDI.d515.s5.e0" origId="s5.p69" charOffset="10-19" type="drug" text="buspirone"/><entity id="DrugDDI.d515.s5.e1" origId="s5.p74" charOffset="63-72" type="drug" text="phenytoin"/><entity id="DrugDDI.d515.s5.e2" origId="s5.p75" charOffset="74-85" type="drug" text="propranolol"/><entity id="DrugDDI.d515.s5.e3" origId="s5.p77" charOffset="91-99" type="drug" text="warfarin"/><entity id="DrugDDI.d515.s5.e4" origId="s5.p78" charOffset="105-119" type="drug" text="serum proteins"/><pair id="DrugDDI.d515.s5.p0" e1="DrugDDI.d515.s5.e0" e2="DrugDDI.d515.s5.e1" interaction="false"/><pair id="DrugDDI.d515.s5.p1" e1="DrugDDI.d515.s5.e0" e2="DrugDDI.d515.s5.e2" interaction="false"/><pair id="DrugDDI.d515.s5.p2" e1="DrugDDI.d515.s5.e0" e2="DrugDDI.d515.s5.e3" interaction="false"/><pair id="DrugDDI.d515.s5.p3" e1="DrugDDI.d515.s5.e0" e2="DrugDDI.d515.s5.e4" interaction="false"/><pair id="DrugDDI.d515.s5.p4" e1="DrugDDI.d515.s5.e1" e2="DrugDDI.d515.s5.e2" interaction="false"/><pair id="DrugDDI.d515.s5.p5" e1="DrugDDI.d515.s5.e1" e2="DrugDDI.d515.s5.e3" interaction="false"/><pair id="DrugDDI.d515.s5.p6" e1="DrugDDI.d515.s5.e1" e2="DrugDDI.d515.s5.e4" interaction="false"/><pair id="DrugDDI.d515.s5.p7" e1="DrugDDI.d515.s5.e2" e2="DrugDDI.d515.s5.e3" interaction="false"/><pair id="DrugDDI.d515.s5.p8" e1="DrugDDI.d515.s5.e2" e2="DrugDDI.d515.s5.e4" interaction="false"/><pair id="DrugDDI.d515.s5.p9" e1="DrugDDI.d515.s5.e3" e2="DrugDDI.d515.s5.e4" interaction="false"/></sentence><sentence id="DrugDDI.d515.s6" origId="s6" text="However, there has been one report of prolonged prothrombin time when buspirone was added to the regimen of a patient treated with warfarin."><entity id="DrugDDI.d515.s6.e0" origId="s6.p87" charOffset="70-79" type="drug" text="buspirone"/><entity id="DrugDDI.d515.s6.e1" origId="s6.p93" charOffset="131-139" type="drug" text="warfarin"/><pair id="DrugDDI.d515.s6.p0" e1="DrugDDI.d515.s6.e0" e2="DrugDDI.d515.s6.e1" interaction="true"/></sentence><sentence id="DrugDDI.d515.s7" origId="s7" text="The patient was also chronically receiving phenytoin, phenobarbital, digoxin, and levothyroxine sodium."><entity id="DrugDDI.d515.s7.e0" origId="s7.p98" charOffset="43-52" type="drug" text="phenytoin"/><entity id="DrugDDI.d515.s7.e1" origId="s7.p99" charOffset="54-67" type="drug" text="phenobarbital"/><entity id="DrugDDI.d515.s7.e2" origId="s7.p100" charOffset="69-76" type="drug" text="digoxin"/><entity id="DrugDDI.d515.s7.e3" origId="s7.p102" charOffset="82-102" type="drug" text="levothyroxine sodium"/><pair id="DrugDDI.d515.s7.p0" e1="DrugDDI.d515.s7.e0" e2="DrugDDI.d515.s7.e1" interaction="false"/><pair id="DrugDDI.d515.s7.p1" e1="DrugDDI.d515.s7.e0" e2="DrugDDI.d515.s7.e2" interaction="false"/><pair id="DrugDDI.d515.s7.p2" e1="DrugDDI.d515.s7.e0" e2="DrugDDI.d515.s7.e3" interaction="false"/><pair id="DrugDDI.d515.s7.p3" e1="DrugDDI.d515.s7.e1" e2="DrugDDI.d515.s7.e2" interaction="false"/><pair id="DrugDDI.d515.s7.p4" e1="DrugDDI.d515.s7.e1" e2="DrugDDI.d515.s7.e3" interaction="false"/><pair id="DrugDDI.d515.s7.p5" e1="DrugDDI.d515.s7.e2" e2="DrugDDI.d515.s7.e3" interaction="false"/></sentence><sentence id="DrugDDI.d515.s8" origId="s8" text="In vitro, buspirone may displace less firmly bound drugs like digoxin."><entity id="DrugDDI.d515.s8.e0" origId="s8.p103" charOffset="10-19" type="drug" text="buspirone"/><entity id="DrugDDI.d515.s8.e1" origId="s8.p107" charOffset="62-69" type="drug" text="digoxin"/><pair id="DrugDDI.d515.s8.p0" e1="DrugDDI.d515.s8.e0" e2="DrugDDI.d515.s8.e1" interaction="true"/></sentence><sentence id="DrugDDI.d515.s9" origId="s9" text="The clinical significance of this property is unknown."/></document>