<?xml version="1.0" encoding="UTF-8"?>
<document id="DrugDDI.d317" origId="Carboprost Tromethamine"><sentence id="DrugDDI.d317.s0" origId="s0" text="HEMABATE may augment the activity of other oxytocic agents."><entity id="DrugDDI.d317.s0.e0" origId="s0.p0" charOffset="0-8" type="drug" text="HEMABATE"/><entity id="DrugDDI.d317.s0.e1" origId="s0.p4" charOffset="43-58" type="drug" text="oxytocic agents"/><pair id="DrugDDI.d317.s0.p0" e1="DrugDDI.d317.s0.e0" e2="DrugDDI.d317.s0.e1" interaction="false"/></sentence><sentence id="DrugDDI.d317.s1" origId="s1" text="Concomitant use with other oxytocic agents is not recommended"><entity id="DrugDDI.d317.s1.e0" origId="s1.p6" charOffset="27-42" type="drug" text="oxytocic agents"/></sentence><sentence id="DrugDDI.d317.s2" origId="s2" text="."/><sentence id="DrugDDI.d317.s3" origId="s3" text="? ?"/></document>