<?xml version="1.0" encoding="UTF-8"?>
<document id="DrugDDI.d271" origId="Cefepime"><sentence id="DrugDDI.d271.s0" origId="s0" text="Renal function should be monitored carefully if high doses of aminoglycosides are to be administered with MAXIPIME because of the increased potential of nephrotoxicity and ototoxicity of aminoglycoside antibiotics."><entity id="DrugDDI.d271.s0.e0" origId="s0.p7" charOffset="62-77" type="drug" text="aminoglycosides"/><entity id="DrugDDI.d271.s0.e1" origId="s0.p12" charOffset="106-114" type="drug" text="MAXIPIME"/><entity id="DrugDDI.d271.s0.e2" origId="s0.p17" charOffset="187-213" type="drug" text="aminoglycoside antibiotics"/><pair id="DrugDDI.d271.s0.p0" e1="DrugDDI.d271.s0.e0" e2="DrugDDI.d271.s0.e1" interaction="true"/><pair id="DrugDDI.d271.s0.p1" e1="DrugDDI.d271.s0.e0" e2="DrugDDI.d271.s0.e2" interaction="false"/><pair id="DrugDDI.d271.s0.p2" e1="DrugDDI.d271.s0.e1" e2="DrugDDI.d271.s0.e2" interaction="false"/></sentence><sentence id="DrugDDI.d271.s1" origId="s1" text="Nephrotoxicity has been reported following concomitant administration of other cephalosporins with potent diuretics such as furosemide."><entity id="DrugDDI.d271.s1.e0" origId="s1.p24" charOffset="79-93" type="drug" text="cephalosporins"/><entity id="DrugDDI.d271.s1.e1" origId="s1.p25" charOffset="106-115" type="drug" text="diuretics"/><entity id="DrugDDI.d271.s1.e2" origId="s1.p26" charOffset="124-135" type="drug" text="furosemide"/><pair id="DrugDDI.d271.s1.p0" e1="DrugDDI.d271.s1.e0" e2="DrugDDI.d271.s1.e1" interaction="true"/><pair id="DrugDDI.d271.s1.p1" e1="DrugDDI.d271.s1.e0" e2="DrugDDI.d271.s1.e2" interaction="false"/><pair id="DrugDDI.d271.s1.p2" e1="DrugDDI.d271.s1.e1" e2="DrugDDI.d271.s1.e2" interaction="false"/></sentence><sentence id="DrugDDI.d271.s2" origId="s2" text="Drug/Laboratory Test Interactions The administration of cefepime may result in a false-positive reaction for glucose in the urine when using Clinitest? tablets."><entity id="DrugDDI.d271.s2.e0" origId="s2.p27" charOffset="0-4" type="drug" text="Drug"/><entity id="DrugDDI.d271.s2.e1" origId="s2.p29" charOffset="56-64" type="drug" text="cefepime"/><entity id="DrugDDI.d271.s2.e2" origId="s2.p33" charOffset="109-116" type="drug" text="glucose"/><pair id="DrugDDI.d271.s2.p0" e1="DrugDDI.d271.s2.e0" e2="DrugDDI.d271.s2.e1" interaction="false"/><pair id="DrugDDI.d271.s2.p1" e1="DrugDDI.d271.s2.e0" e2="DrugDDI.d271.s2.e2" interaction="false"/><pair id="DrugDDI.d271.s2.p2" e1="DrugDDI.d271.s2.e1" e2="DrugDDI.d271.s2.e2" interaction="false"/></sentence><sentence id="DrugDDI.d271.s3" origId="s3" text="It is recommended that glucose tests based on enzymatic glucose oxidase reactions (such as Clinistix? or Tes-Tape? ) be used."><entity id="DrugDDI.d271.s3.e0" origId="s3.p43" charOffset="56-71" type="drug" text="glucose oxidase"/></sentence></document>