<?xml version="1.0" encoding="UTF-8"?>
<document id="DrugDDI.d443" origId="Cetirizine"><sentence id="DrugDDI.d443.s0" origId="s0" text="Pharmacokinetic interaction studies with cetirizine in adults were conducted with pseudoephedrine, antipyrine, ketoconazole, erythromycin and azithromycin."><entity id="DrugDDI.d443.s0.e0" origId="s0.p2" charOffset="41-51" type="drug" text="cetirizine"/><entity id="DrugDDI.d443.s0.e1" origId="s0.p6" charOffset="82-97" type="drug" text="pseudoephedrine"/><entity id="DrugDDI.d443.s0.e2" origId="s0.p7" charOffset="99-109" type="drug" text="antipyrine"/><entity id="DrugDDI.d443.s0.e3" origId="s0.p8" charOffset="111-123" type="drug" text="ketoconazole"/><entity id="DrugDDI.d443.s0.e4" origId="s0.p9" charOffset="125-137" type="drug" text="erythromycin"/><entity id="DrugDDI.d443.s0.e5" origId="s0.p11" charOffset="142-154" type="drug" text="azithromycin"/><pair id="DrugDDI.d443.s0.p0" e1="DrugDDI.d443.s0.e0" e2="DrugDDI.d443.s0.e1" interaction="false"/><pair id="DrugDDI.d443.s0.p1" e1="DrugDDI.d443.s0.e0" e2="DrugDDI.d443.s0.e2" interaction="false"/><pair id="DrugDDI.d443.s0.p2" e1="DrugDDI.d443.s0.e0" e2="DrugDDI.d443.s0.e3" interaction="false"/><pair id="DrugDDI.d443.s0.p3" e1="DrugDDI.d443.s0.e0" e2="DrugDDI.d443.s0.e4" interaction="false"/><pair id="DrugDDI.d443.s0.p4" e1="DrugDDI.d443.s0.e0" e2="DrugDDI.d443.s0.e5" interaction="false"/><pair id="DrugDDI.d443.s0.p5" e1="DrugDDI.d443.s0.e1" e2="DrugDDI.d443.s0.e2" interaction="false"/><pair id="DrugDDI.d443.s0.p6" e1="DrugDDI.d443.s0.e1" e2="DrugDDI.d443.s0.e3" interaction="false"/><pair id="DrugDDI.d443.s0.p7" e1="DrugDDI.d443.s0.e1" e2="DrugDDI.d443.s0.e4" interaction="false"/><pair id="DrugDDI.d443.s0.p8" e1="DrugDDI.d443.s0.e1" e2="DrugDDI.d443.s0.e5" interaction="false"/><pair id="DrugDDI.d443.s0.p9" e1="DrugDDI.d443.s0.e2" e2="DrugDDI.d443.s0.e3" interaction="false"/><pair id="DrugDDI.d443.s0.p10" e1="DrugDDI.d443.s0.e2" e2="DrugDDI.d443.s0.e4" interaction="false"/><pair id="DrugDDI.d443.s0.p11" e1="DrugDDI.d443.s0.e2" e2="DrugDDI.d443.s0.e5" interaction="false"/><pair id="DrugDDI.d443.s0.p12" e1="DrugDDI.d443.s0.e3" e2="DrugDDI.d443.s0.e4" interaction="false"/><pair id="DrugDDI.d443.s0.p13" e1="DrugDDI.d443.s0.e3" e2="DrugDDI.d443.s0.e5" interaction="false"/><pair id="DrugDDI.d443.s0.p14" e1="DrugDDI.d443.s0.e4" e2="DrugDDI.d443.s0.e5" interaction="false"/></sentence><sentence id="DrugDDI.d443.s1" origId="s1" text="No interactions were observed."/><sentence id="DrugDDI.d443.s2" origId="s2" text="In a multiple dose study of theophylline (400 mg once daily for 3 days) and cetirizine (20 mg once daily for 3 days), a 16% decrease in the clearance of cetirizine was observed."><entity id="DrugDDI.d443.s2.e0" origId="s2.p16" charOffset="28-40" type="drug" text="theophylline"/><entity id="DrugDDI.d443.s2.e1" origId="s2.p23" charOffset="76-86" type="drug" text="cetirizine"/><entity id="DrugDDI.d443.s2.e2" origId="s2.p32" charOffset="153-163" type="drug" text="cetirizine"/><pair id="DrugDDI.d443.s2.p0" e1="DrugDDI.d443.s2.e0" e2="DrugDDI.d443.s2.e1" interaction="true"/><pair id="DrugDDI.d443.s2.p1" e1="DrugDDI.d443.s2.e0" e2="DrugDDI.d443.s2.e2" interaction="false"/><pair id="DrugDDI.d443.s2.p2" e1="DrugDDI.d443.s2.e1" e2="DrugDDI.d443.s2.e2" interaction="false"/></sentence><sentence id="DrugDDI.d443.s3" origId="s3" text="The disposition of theophylline was not altered by concomitant cetirizine administration."><entity id="DrugDDI.d443.s3.e0" origId="s3.p36" charOffset="19-31" type="drug" text="theophylline"/><entity id="DrugDDI.d443.s3.e1" origId="s3.p40" charOffset="63-73" type="drug" text="cetirizine"/><pair id="DrugDDI.d443.s3.p0" e1="DrugDDI.d443.s3.e0" e2="DrugDDI.d443.s3.e1" interaction="false"/></sentence><sentence id="DrugDDI.d443.s4" origId="s4" text="Drug-Drug Interactions: No clinically significant drug interactions have been found with theophylline at a low dose, azithromycin, pseudoephedrine, ketoconazole, or erythromycin."><entity id="DrugDDI.d443.s4.e0" origId="s4.p47" charOffset="89-101" type="drug" text="theophylline"/><entity id="DrugDDI.d443.s4.e1" origId="s4.p49" charOffset="117-129" type="drug" text="azithromycin"/><entity id="DrugDDI.d443.s4.e2" origId="s4.p50" charOffset="131-146" type="drug" text="pseudoephedrine"/><entity id="DrugDDI.d443.s4.e3" origId="s4.p51" charOffset="148-160" type="drug" text="ketoconazole"/><entity id="DrugDDI.d443.s4.e4" origId="s4.p53" charOffset="165-177" type="drug" text="erythromycin"/><pair id="DrugDDI.d443.s4.p0" e1="DrugDDI.d443.s4.e0" e2="DrugDDI.d443.s4.e1" interaction="false"/><pair id="DrugDDI.d443.s4.p1" e1="DrugDDI.d443.s4.e0" e2="DrugDDI.d443.s4.e2" interaction="false"/><pair id="DrugDDI.d443.s4.p2" e1="DrugDDI.d443.s4.e0" e2="DrugDDI.d443.s4.e3" interaction="false"/><pair id="DrugDDI.d443.s4.p3" e1="DrugDDI.d443.s4.e0" e2="DrugDDI.d443.s4.e4" interaction="false"/><pair id="DrugDDI.d443.s4.p4" e1="DrugDDI.d443.s4.e1" e2="DrugDDI.d443.s4.e2" interaction="false"/><pair id="DrugDDI.d443.s4.p5" e1="DrugDDI.d443.s4.e1" e2="DrugDDI.d443.s4.e3" interaction="false"/><pair id="DrugDDI.d443.s4.p6" e1="DrugDDI.d443.s4.e1" e2="DrugDDI.d443.s4.e4" interaction="false"/><pair id="DrugDDI.d443.s4.p7" e1="DrugDDI.d443.s4.e2" e2="DrugDDI.d443.s4.e3" interaction="false"/><pair id="DrugDDI.d443.s4.p8" e1="DrugDDI.d443.s4.e2" e2="DrugDDI.d443.s4.e4" interaction="false"/><pair id="DrugDDI.d443.s4.p9" e1="DrugDDI.d443.s4.e3" e2="DrugDDI.d443.s4.e4" interaction="false"/></sentence><sentence id="DrugDDI.d443.s5" origId="s5" text="There was a small decrease in the clearance of cetirizine caused by a 400-mg dose of theophylline;"><entity id="DrugDDI.d443.s5.e0" origId="s5.p58" charOffset="47-57" type="drug" text="cetirizine"/><entity id="DrugDDI.d443.s5.e1" origId="s5.p61" charOffset="85-97" type="drug" text="theophylline"/><pair id="DrugDDI.d443.s5.p0" e1="DrugDDI.d443.s5.e0" e2="DrugDDI.d443.s5.e1" interaction="true"/></sentence><sentence id="DrugDDI.d443.s6" origId="s6" text="it is possible that larger theophylline doses could have a greater effect."/></document>