<?xml version="1.0" encoding="UTF-8"?>
<document id="DrugDDI.d137" origId="Chlorpropamide"><sentence id="DrugDDI.d137.s0" origId="s0" text="The hypoglycemic action of sulfonylurea may be potentiated by certain drugs including nonsteroidal anti-inflammatory agents and other drugs that are highly protein bound, salicylates, sulfonamides, chloramphenicol, probenecid, coumarins, monoamine oxidase inhibitors, and beta adrenergic blocking agents."><entity id="DrugDDI.d137.s0.e0" origId="s0.p0" charOffset="4-23" type="drug" text="hypoglycemic action"/><entity id="DrugDDI.d137.s0.e1" origId="s0.p1" charOffset="27-39" type="drug" text="sulfonylurea"/><entity id="DrugDDI.d137.s0.e2" origId="s0.p5" charOffset="70-75" type="drug" text="drugs"/><entity id="DrugDDI.d137.s0.e3" origId="s0.p7" charOffset="86-123" type="drug" text="nonsteroidal anti-inflammatory agents"/><entity id="DrugDDI.d137.s0.e4" origId="s0.p9" charOffset="134-139" type="drug" text="drugs"/><entity id="DrugDDI.d137.s0.e5" origId="s0.p12" charOffset="156-163" type="drug" text="protein"/><entity id="DrugDDI.d137.s0.e6" origId="s0.p15" charOffset="171-182" type="drug" text="salicylates"/><entity id="DrugDDI.d137.s0.e7" origId="s0.p16" charOffset="184-196" type="drug" text="sulfonamides"/><entity id="DrugDDI.d137.s0.e8" origId="s0.p17" charOffset="198-213" type="drug" text="chloramphenicol"/><entity id="DrugDDI.d137.s0.e9" origId="s0.p18" charOffset="215-225" type="drug" text="probenecid"/><entity id="DrugDDI.d137.s0.e10" origId="s0.p19" charOffset="227-236" type="drug" text="coumarins"/><entity id="DrugDDI.d137.s0.e11" origId="s0.p20" charOffset="238-266" type="drug" text="monoamine oxidase inhibitors"/><entity id="DrugDDI.d137.s0.e12" origId="s0.p22" charOffset="272-303" type="drug" text="beta adrenergic blocking agents"/><pair id="DrugDDI.d137.s0.p0" e1="DrugDDI.d137.s0.e0" e2="DrugDDI.d137.s0.e1" interaction="false"/><pair id="DrugDDI.d137.s0.p1" e1="DrugDDI.d137.s0.e0" e2="DrugDDI.d137.s0.e2" interaction="true"/><pair id="DrugDDI.d137.s0.p2" e1="DrugDDI.d137.s0.e0" e2="DrugDDI.d137.s0.e3" interaction="false"/><pair id="DrugDDI.d137.s0.p3" e1="DrugDDI.d137.s0.e0" e2="DrugDDI.d137.s0.e4" interaction="true"/><pair id="DrugDDI.d137.s0.p4" e1="DrugDDI.d137.s0.e0" e2="DrugDDI.d137.s0.e5" interaction="false"/><pair id="DrugDDI.d137.s0.p5" e1="DrugDDI.d137.s0.e0" e2="DrugDDI.d137.s0.e6" interaction="false"/><pair id="DrugDDI.d137.s0.p6" e1="DrugDDI.d137.s0.e0" e2="DrugDDI.d137.s0.e7" interaction="false"/><pair id="DrugDDI.d137.s0.p7" e1="DrugDDI.d137.s0.e0" e2="DrugDDI.d137.s0.e8" interaction="false"/><pair id="DrugDDI.d137.s0.p8" e1="DrugDDI.d137.s0.e0" e2="DrugDDI.d137.s0.e9" interaction="false"/><pair id="DrugDDI.d137.s0.p9" e1="DrugDDI.d137.s0.e0" e2="DrugDDI.d137.s0.e10" interaction="false"/><pair id="DrugDDI.d137.s0.p10" e1="DrugDDI.d137.s0.e0" e2="DrugDDI.d137.s0.e11" interaction="false"/><pair id="DrugDDI.d137.s0.p11" e1="DrugDDI.d137.s0.e0" e2="DrugDDI.d137.s0.e12" interaction="false"/><pair id="DrugDDI.d137.s0.p12" e1="DrugDDI.d137.s0.e1" e2="DrugDDI.d137.s0.e2" interaction="false"/><pair id="DrugDDI.d137.s0.p13" e1="DrugDDI.d137.s0.e1" e2="DrugDDI.d137.s0.e3" interaction="true"/><pair id="DrugDDI.d137.s0.p14" e1="DrugDDI.d137.s0.e1" e2="DrugDDI.d137.s0.e4" interaction="false"/><pair id="DrugDDI.d137.s0.p15" e1="DrugDDI.d137.s0.e1" e2="DrugDDI.d137.s0.e5" interaction="false"/><pair id="DrugDDI.d137.s0.p16" e1="DrugDDI.d137.s0.e1" e2="DrugDDI.d137.s0.e6" interaction="true"/><pair id="DrugDDI.d137.s0.p17" e1="DrugDDI.d137.s0.e1" e2="DrugDDI.d137.s0.e7" interaction="true"/><pair id="DrugDDI.d137.s0.p18" e1="DrugDDI.d137.s0.e1" e2="DrugDDI.d137.s0.e8" interaction="true"/><pair id="DrugDDI.d137.s0.p19" e1="DrugDDI.d137.s0.e1" e2="DrugDDI.d137.s0.e9" interaction="true"/><pair id="DrugDDI.d137.s0.p20" e1="DrugDDI.d137.s0.e1" e2="DrugDDI.d137.s0.e10" interaction="true"/><pair id="DrugDDI.d137.s0.p21" e1="DrugDDI.d137.s0.e1" e2="DrugDDI.d137.s0.e11" interaction="true"/><pair id="DrugDDI.d137.s0.p22" e1="DrugDDI.d137.s0.e1" e2="DrugDDI.d137.s0.e12" interaction="true"/><pair id="DrugDDI.d137.s0.p23" e1="DrugDDI.d137.s0.e2" e2="DrugDDI.d137.s0.e3" interaction="false"/><pair id="DrugDDI.d137.s0.p24" e1="DrugDDI.d137.s0.e2" e2="DrugDDI.d137.s0.e4" interaction="false"/><pair id="DrugDDI.d137.s0.p25" e1="DrugDDI.d137.s0.e2" e2="DrugDDI.d137.s0.e5" interaction="false"/><pair id="DrugDDI.d137.s0.p26" e1="DrugDDI.d137.s0.e2" e2="DrugDDI.d137.s0.e6" interaction="false"/><pair id="DrugDDI.d137.s0.p27" e1="DrugDDI.d137.s0.e2" e2="DrugDDI.d137.s0.e7" interaction="false"/><pair id="DrugDDI.d137.s0.p28" e1="DrugDDI.d137.s0.e2" e2="DrugDDI.d137.s0.e8" interaction="false"/><pair id="DrugDDI.d137.s0.p29" e1="DrugDDI.d137.s0.e2" e2="DrugDDI.d137.s0.e9" interaction="false"/><pair id="DrugDDI.d137.s0.p30" e1="DrugDDI.d137.s0.e2" e2="DrugDDI.d137.s0.e10" interaction="false"/><pair id="DrugDDI.d137.s0.p31" e1="DrugDDI.d137.s0.e2" e2="DrugDDI.d137.s0.e11" interaction="false"/><pair id="DrugDDI.d137.s0.p32" e1="DrugDDI.d137.s0.e2" e2="DrugDDI.d137.s0.e12" interaction="false"/><pair id="DrugDDI.d137.s0.p33" e1="DrugDDI.d137.s0.e3" e2="DrugDDI.d137.s0.e4" interaction="false"/><pair id="DrugDDI.d137.s0.p34" e1="DrugDDI.d137.s0.e3" e2="DrugDDI.d137.s0.e5" interaction="false"/><pair id="DrugDDI.d137.s0.p35" e1="DrugDDI.d137.s0.e3" e2="DrugDDI.d137.s0.e6" interaction="false"/><pair id="DrugDDI.d137.s0.p36" e1="DrugDDI.d137.s0.e3" e2="DrugDDI.d137.s0.e7" interaction="false"/><pair id="DrugDDI.d137.s0.p37" e1="DrugDDI.d137.s0.e3" e2="DrugDDI.d137.s0.e8" interaction="false"/><pair id="DrugDDI.d137.s0.p38" e1="DrugDDI.d137.s0.e3" e2="DrugDDI.d137.s0.e9" interaction="false"/><pair id="DrugDDI.d137.s0.p39" e1="DrugDDI.d137.s0.e3" e2="DrugDDI.d137.s0.e10" interaction="false"/><pair id="DrugDDI.d137.s0.p40" e1="DrugDDI.d137.s0.e3" e2="DrugDDI.d137.s0.e11" interaction="false"/><pair id="DrugDDI.d137.s0.p41" e1="DrugDDI.d137.s0.e3" e2="DrugDDI.d137.s0.e12" interaction="false"/><pair id="DrugDDI.d137.s0.p42" e1="DrugDDI.d137.s0.e4" e2="DrugDDI.d137.s0.e5" interaction="false"/><pair id="DrugDDI.d137.s0.p43" e1="DrugDDI.d137.s0.e4" e2="DrugDDI.d137.s0.e6" interaction="false"/><pair id="DrugDDI.d137.s0.p44" e1="DrugDDI.d137.s0.e4" e2="DrugDDI.d137.s0.e7" interaction="false"/><pair id="DrugDDI.d137.s0.p45" e1="DrugDDI.d137.s0.e4" e2="DrugDDI.d137.s0.e8" interaction="false"/><pair id="DrugDDI.d137.s0.p46" e1="DrugDDI.d137.s0.e4" e2="DrugDDI.d137.s0.e9" interaction="false"/><pair id="DrugDDI.d137.s0.p47" e1="DrugDDI.d137.s0.e4" e2="DrugDDI.d137.s0.e10" interaction="false"/><pair id="DrugDDI.d137.s0.p48" e1="DrugDDI.d137.s0.e4" e2="DrugDDI.d137.s0.e11" interaction="false"/><pair id="DrugDDI.d137.s0.p49" e1="DrugDDI.d137.s0.e4" e2="DrugDDI.d137.s0.e12" interaction="false"/><pair id="DrugDDI.d137.s0.p50" e1="DrugDDI.d137.s0.e5" e2="DrugDDI.d137.s0.e6" interaction="false"/><pair id="DrugDDI.d137.s0.p51" e1="DrugDDI.d137.s0.e5" e2="DrugDDI.d137.s0.e7" interaction="false"/><pair id="DrugDDI.d137.s0.p52" e1="DrugDDI.d137.s0.e5" e2="DrugDDI.d137.s0.e8" interaction="false"/><pair id="DrugDDI.d137.s0.p53" e1="DrugDDI.d137.s0.e5" e2="DrugDDI.d137.s0.e9" interaction="false"/><pair id="DrugDDI.d137.s0.p54" e1="DrugDDI.d137.s0.e5" e2="DrugDDI.d137.s0.e10" interaction="false"/><pair id="DrugDDI.d137.s0.p55" e1="DrugDDI.d137.s0.e5" e2="DrugDDI.d137.s0.e11" interaction="false"/><pair id="DrugDDI.d137.s0.p56" e1="DrugDDI.d137.s0.e5" e2="DrugDDI.d137.s0.e12" interaction="false"/><pair id="DrugDDI.d137.s0.p57" e1="DrugDDI.d137.s0.e6" e2="DrugDDI.d137.s0.e7" interaction="false"/><pair id="DrugDDI.d137.s0.p58" e1="DrugDDI.d137.s0.e6" e2="DrugDDI.d137.s0.e8" interaction="false"/><pair id="DrugDDI.d137.s0.p59" e1="DrugDDI.d137.s0.e6" e2="DrugDDI.d137.s0.e9" interaction="false"/><pair id="DrugDDI.d137.s0.p60" e1="DrugDDI.d137.s0.e6" e2="DrugDDI.d137.s0.e10" interaction="false"/><pair id="DrugDDI.d137.s0.p61" e1="DrugDDI.d137.s0.e6" e2="DrugDDI.d137.s0.e11" interaction="false"/><pair id="DrugDDI.d137.s0.p62" e1="DrugDDI.d137.s0.e6" e2="DrugDDI.d137.s0.e12" interaction="false"/><pair id="DrugDDI.d137.s0.p63" e1="DrugDDI.d137.s0.e7" e2="DrugDDI.d137.s0.e8" interaction="false"/><pair id="DrugDDI.d137.s0.p64" e1="DrugDDI.d137.s0.e7" e2="DrugDDI.d137.s0.e9" interaction="false"/><pair id="DrugDDI.d137.s0.p65" e1="DrugDDI.d137.s0.e7" e2="DrugDDI.d137.s0.e10" interaction="false"/><pair id="DrugDDI.d137.s0.p66" e1="DrugDDI.d137.s0.e7" e2="DrugDDI.d137.s0.e11" interaction="false"/><pair id="DrugDDI.d137.s0.p67" e1="DrugDDI.d137.s0.e7" e2="DrugDDI.d137.s0.e12" interaction="false"/><pair id="DrugDDI.d137.s0.p68" e1="DrugDDI.d137.s0.e8" e2="DrugDDI.d137.s0.e9" interaction="false"/><pair id="DrugDDI.d137.s0.p69" e1="DrugDDI.d137.s0.e8" e2="DrugDDI.d137.s0.e10" interaction="false"/><pair id="DrugDDI.d137.s0.p70" e1="DrugDDI.d137.s0.e8" e2="DrugDDI.d137.s0.e11" interaction="false"/><pair id="DrugDDI.d137.s0.p71" e1="DrugDDI.d137.s0.e8" e2="DrugDDI.d137.s0.e12" interaction="false"/><pair id="DrugDDI.d137.s0.p72" e1="DrugDDI.d137.s0.e9" e2="DrugDDI.d137.s0.e10" interaction="false"/><pair id="DrugDDI.d137.s0.p73" e1="DrugDDI.d137.s0.e9" e2="DrugDDI.d137.s0.e11" interaction="false"/><pair id="DrugDDI.d137.s0.p74" e1="DrugDDI.d137.s0.e9" e2="DrugDDI.d137.s0.e12" interaction="false"/><pair id="DrugDDI.d137.s0.p75" e1="DrugDDI.d137.s0.e10" e2="DrugDDI.d137.s0.e11" interaction="false"/><pair id="DrugDDI.d137.s0.p76" e1="DrugDDI.d137.s0.e10" e2="DrugDDI.d137.s0.e12" interaction="false"/><pair id="DrugDDI.d137.s0.p77" e1="DrugDDI.d137.s0.e11" e2="DrugDDI.d137.s0.e12" interaction="false"/></sentence><sentence id="DrugDDI.d137.s1" origId="s1" text="When such drugs are administered to a patient receiving DIABINESE, the patient should be observed closely for hypoglycemia."><entity id="DrugDDI.d137.s1.e0" origId="s1.p24" charOffset="10-15" type="drug" text="drugs"/><entity id="DrugDDI.d137.s1.e1" origId="s1.p27" charOffset="56-65" type="drug" text="DIABINESE"/><pair id="DrugDDI.d137.s1.p0" e1="DrugDDI.d137.s1.e0" e2="DrugDDI.d137.s1.e1" interaction="true"/></sentence><sentence id="DrugDDI.d137.s2" origId="s2" text="When such drugs are withdrawn from a patient receiving DIABINESE, the patient should be observed closely for loss of control."><entity id="DrugDDI.d137.s2.e0" origId="s2.p35" charOffset="10-15" type="drug" text="drugs"/><entity id="DrugDDI.d137.s2.e1" origId="s2.p38" charOffset="55-64" type="drug" text="DIABINESE"/><pair id="DrugDDI.d137.s2.p0" e1="DrugDDI.d137.s2.e0" e2="DrugDDI.d137.s2.e1" interaction="true"/></sentence><sentence id="DrugDDI.d137.s3" origId="s3" text="Certain drugs tend to produce hyperglycemia and may lead to loss of control."><entity id="DrugDDI.d137.s3.e0" origId="s3.p46" charOffset="8-13" type="drug" text="drugs"/></sentence><sentence id="DrugDDI.d137.s4" origId="s4" text="These drugs include the thiazides and other diuretics, corticosteroids, phenothiazines, thyroid products, estrogens, oral contraceptives, phenytoin, nicotinic acid, sympathomimetics, calcium channel blocking drugs, and isoniazid."><entity id="DrugDDI.d137.s4.e0" origId="s4.p56" charOffset="6-11" type="drug" text="drugs"/><entity id="DrugDDI.d137.s4.e1" origId="s4.p58" charOffset="24-33" type="drug" text="thiazides"/><entity id="DrugDDI.d137.s4.e2" origId="s4.p60" charOffset="44-53" type="drug" text="diuretics"/><entity id="DrugDDI.d137.s4.e3" origId="s4.p61" charOffset="55-70" type="drug" text="corticosteroids"/><entity id="DrugDDI.d137.s4.e4" origId="s4.p62" charOffset="72-86" type="drug" text="phenothiazines"/><entity id="DrugDDI.d137.s4.e5" origId="s4.p63" charOffset="88-95" type="drug" text="thyroid"/><entity id="DrugDDI.d137.s4.e6" origId="s4.p64" charOffset="106-115" type="drug" text="estrogens"/><entity id="DrugDDI.d137.s4.e7" origId="s4.p65" charOffset="117-136" type="drug" text="oral contraceptives"/><entity id="DrugDDI.d137.s4.e8" origId="s4.p66" charOffset="138-147" type="drug" text="phenytoin"/><entity id="DrugDDI.d137.s4.e9" origId="s4.p67" charOffset="149-163" type="drug" text="nicotinic acid"/><entity id="DrugDDI.d137.s4.e10" origId="s4.p68" charOffset="165-181" type="drug" text="sympathomimetics"/><entity id="DrugDDI.d137.s4.e11" origId="s4.p69" charOffset="183-213" type="drug" text="calcium channel blocking drugs"/><entity id="DrugDDI.d137.s4.e12" origId="s4.p71" charOffset="219-228" type="drug" text="isoniazid"/><pair id="DrugDDI.d137.s4.p0" e1="DrugDDI.d137.s4.e0" e2="DrugDDI.d137.s4.e1" interaction="true"/><pair id="DrugDDI.d137.s4.p1" e1="DrugDDI.d137.s4.e0" e2="DrugDDI.d137.s4.e2" interaction="false"/><pair id="DrugDDI.d137.s4.p2" e1="DrugDDI.d137.s4.e0" e2="DrugDDI.d137.s4.e3" interaction="false"/><pair id="DrugDDI.d137.s4.p3" e1="DrugDDI.d137.s4.e0" e2="DrugDDI.d137.s4.e4" interaction="false"/><pair id="DrugDDI.d137.s4.p4" e1="DrugDDI.d137.s4.e0" e2="DrugDDI.d137.s4.e5" interaction="false"/><pair id="DrugDDI.d137.s4.p5" e1="DrugDDI.d137.s4.e0" e2="DrugDDI.d137.s4.e6" interaction="false"/><pair id="DrugDDI.d137.s4.p6" e1="DrugDDI.d137.s4.e0" e2="DrugDDI.d137.s4.e7" interaction="false"/><pair id="DrugDDI.d137.s4.p7" e1="DrugDDI.d137.s4.e0" e2="DrugDDI.d137.s4.e8" interaction="false"/><pair id="DrugDDI.d137.s4.p8" e1="DrugDDI.d137.s4.e0" e2="DrugDDI.d137.s4.e9" interaction="false"/><pair id="DrugDDI.d137.s4.p9" e1="DrugDDI.d137.s4.e0" e2="DrugDDI.d137.s4.e10" interaction="false"/><pair id="DrugDDI.d137.s4.p10" e1="DrugDDI.d137.s4.e0" e2="DrugDDI.d137.s4.e11" interaction="false"/><pair id="DrugDDI.d137.s4.p11" e1="DrugDDI.d137.s4.e0" e2="DrugDDI.d137.s4.e12" interaction="false"/><pair id="DrugDDI.d137.s4.p12" e1="DrugDDI.d137.s4.e1" e2="DrugDDI.d137.s4.e2" interaction="false"/><pair id="DrugDDI.d137.s4.p13" e1="DrugDDI.d137.s4.e1" e2="DrugDDI.d137.s4.e3" interaction="false"/><pair id="DrugDDI.d137.s4.p14" e1="DrugDDI.d137.s4.e1" e2="DrugDDI.d137.s4.e4" interaction="false"/><pair id="DrugDDI.d137.s4.p15" e1="DrugDDI.d137.s4.e1" e2="DrugDDI.d137.s4.e5" interaction="false"/><pair id="DrugDDI.d137.s4.p16" e1="DrugDDI.d137.s4.e1" e2="DrugDDI.d137.s4.e6" interaction="false"/><pair id="DrugDDI.d137.s4.p17" e1="DrugDDI.d137.s4.e1" e2="DrugDDI.d137.s4.e7" interaction="false"/><pair id="DrugDDI.d137.s4.p18" e1="DrugDDI.d137.s4.e1" e2="DrugDDI.d137.s4.e8" interaction="false"/><pair id="DrugDDI.d137.s4.p19" e1="DrugDDI.d137.s4.e1" e2="DrugDDI.d137.s4.e9" interaction="false"/><pair id="DrugDDI.d137.s4.p20" e1="DrugDDI.d137.s4.e1" e2="DrugDDI.d137.s4.e10" interaction="false"/><pair id="DrugDDI.d137.s4.p21" e1="DrugDDI.d137.s4.e1" e2="DrugDDI.d137.s4.e11" interaction="false"/><pair id="DrugDDI.d137.s4.p22" e1="DrugDDI.d137.s4.e1" e2="DrugDDI.d137.s4.e12" interaction="false"/><pair id="DrugDDI.d137.s4.p23" e1="DrugDDI.d137.s4.e2" e2="DrugDDI.d137.s4.e3" interaction="false"/><pair id="DrugDDI.d137.s4.p24" e1="DrugDDI.d137.s4.e2" e2="DrugDDI.d137.s4.e4" interaction="false"/><pair id="DrugDDI.d137.s4.p25" e1="DrugDDI.d137.s4.e2" e2="DrugDDI.d137.s4.e5" interaction="false"/><pair id="DrugDDI.d137.s4.p26" e1="DrugDDI.d137.s4.e2" e2="DrugDDI.d137.s4.e6" interaction="false"/><pair id="DrugDDI.d137.s4.p27" e1="DrugDDI.d137.s4.e2" e2="DrugDDI.d137.s4.e7" interaction="false"/><pair id="DrugDDI.d137.s4.p28" e1="DrugDDI.d137.s4.e2" e2="DrugDDI.d137.s4.e8" interaction="false"/><pair id="DrugDDI.d137.s4.p29" e1="DrugDDI.d137.s4.e2" e2="DrugDDI.d137.s4.e9" interaction="false"/><pair id="DrugDDI.d137.s4.p30" e1="DrugDDI.d137.s4.e2" e2="DrugDDI.d137.s4.e10" interaction="false"/><pair id="DrugDDI.d137.s4.p31" e1="DrugDDI.d137.s4.e2" e2="DrugDDI.d137.s4.e11" interaction="false"/><pair id="DrugDDI.d137.s4.p32" e1="DrugDDI.d137.s4.e2" e2="DrugDDI.d137.s4.e12" interaction="false"/><pair id="DrugDDI.d137.s4.p33" e1="DrugDDI.d137.s4.e3" e2="DrugDDI.d137.s4.e4" interaction="false"/><pair id="DrugDDI.d137.s4.p34" e1="DrugDDI.d137.s4.e3" e2="DrugDDI.d137.s4.e5" interaction="false"/><pair id="DrugDDI.d137.s4.p35" e1="DrugDDI.d137.s4.e3" e2="DrugDDI.d137.s4.e6" interaction="false"/><pair id="DrugDDI.d137.s4.p36" e1="DrugDDI.d137.s4.e3" e2="DrugDDI.d137.s4.e7" interaction="false"/><pair id="DrugDDI.d137.s4.p37" e1="DrugDDI.d137.s4.e3" e2="DrugDDI.d137.s4.e8" interaction="false"/><pair id="DrugDDI.d137.s4.p38" e1="DrugDDI.d137.s4.e3" e2="DrugDDI.d137.s4.e9" interaction="false"/><pair id="DrugDDI.d137.s4.p39" e1="DrugDDI.d137.s4.e3" e2="DrugDDI.d137.s4.e10" interaction="false"/><pair id="DrugDDI.d137.s4.p40" e1="DrugDDI.d137.s4.e3" e2="DrugDDI.d137.s4.e11" interaction="false"/><pair id="DrugDDI.d137.s4.p41" e1="DrugDDI.d137.s4.e3" e2="DrugDDI.d137.s4.e12" interaction="false"/><pair id="DrugDDI.d137.s4.p42" e1="DrugDDI.d137.s4.e4" e2="DrugDDI.d137.s4.e5" interaction="false"/><pair id="DrugDDI.d137.s4.p43" e1="DrugDDI.d137.s4.e4" e2="DrugDDI.d137.s4.e6" interaction="false"/><pair id="DrugDDI.d137.s4.p44" e1="DrugDDI.d137.s4.e4" e2="DrugDDI.d137.s4.e7" interaction="false"/><pair id="DrugDDI.d137.s4.p45" e1="DrugDDI.d137.s4.e4" e2="DrugDDI.d137.s4.e8" interaction="false"/><pair id="DrugDDI.d137.s4.p46" e1="DrugDDI.d137.s4.e4" e2="DrugDDI.d137.s4.e9" interaction="false"/><pair id="DrugDDI.d137.s4.p47" e1="DrugDDI.d137.s4.e4" e2="DrugDDI.d137.s4.e10" interaction="false"/><pair id="DrugDDI.d137.s4.p48" e1="DrugDDI.d137.s4.e4" e2="DrugDDI.d137.s4.e11" interaction="false"/><pair id="DrugDDI.d137.s4.p49" e1="DrugDDI.d137.s4.e4" e2="DrugDDI.d137.s4.e12" interaction="false"/><pair id="DrugDDI.d137.s4.p50" e1="DrugDDI.d137.s4.e5" e2="DrugDDI.d137.s4.e6" interaction="false"/><pair id="DrugDDI.d137.s4.p51" e1="DrugDDI.d137.s4.e5" e2="DrugDDI.d137.s4.e7" interaction="false"/><pair id="DrugDDI.d137.s4.p52" e1="DrugDDI.d137.s4.e5" e2="DrugDDI.d137.s4.e8" interaction="false"/><pair id="DrugDDI.d137.s4.p53" e1="DrugDDI.d137.s4.e5" e2="DrugDDI.d137.s4.e9" interaction="false"/><pair id="DrugDDI.d137.s4.p54" e1="DrugDDI.d137.s4.e5" e2="DrugDDI.d137.s4.e10" interaction="false"/><pair id="DrugDDI.d137.s4.p55" e1="DrugDDI.d137.s4.e5" e2="DrugDDI.d137.s4.e11" interaction="false"/><pair id="DrugDDI.d137.s4.p56" e1="DrugDDI.d137.s4.e5" e2="DrugDDI.d137.s4.e12" interaction="false"/><pair id="DrugDDI.d137.s4.p57" e1="DrugDDI.d137.s4.e6" e2="DrugDDI.d137.s4.e7" interaction="false"/><pair id="DrugDDI.d137.s4.p58" e1="DrugDDI.d137.s4.e6" e2="DrugDDI.d137.s4.e8" interaction="false"/><pair id="DrugDDI.d137.s4.p59" e1="DrugDDI.d137.s4.e6" e2="DrugDDI.d137.s4.e9" interaction="false"/><pair id="DrugDDI.d137.s4.p60" e1="DrugDDI.d137.s4.e6" e2="DrugDDI.d137.s4.e10" interaction="false"/><pair id="DrugDDI.d137.s4.p61" e1="DrugDDI.d137.s4.e6" e2="DrugDDI.d137.s4.e11" interaction="false"/><pair id="DrugDDI.d137.s4.p62" e1="DrugDDI.d137.s4.e6" e2="DrugDDI.d137.s4.e12" interaction="false"/><pair id="DrugDDI.d137.s4.p63" e1="DrugDDI.d137.s4.e7" e2="DrugDDI.d137.s4.e8" interaction="false"/><pair id="DrugDDI.d137.s4.p64" e1="DrugDDI.d137.s4.e7" e2="DrugDDI.d137.s4.e9" interaction="false"/><pair id="DrugDDI.d137.s4.p65" e1="DrugDDI.d137.s4.e7" e2="DrugDDI.d137.s4.e10" interaction="false"/><pair id="DrugDDI.d137.s4.p66" e1="DrugDDI.d137.s4.e7" e2="DrugDDI.d137.s4.e11" interaction="false"/><pair id="DrugDDI.d137.s4.p67" e1="DrugDDI.d137.s4.e7" e2="DrugDDI.d137.s4.e12" interaction="false"/><pair id="DrugDDI.d137.s4.p68" e1="DrugDDI.d137.s4.e8" e2="DrugDDI.d137.s4.e9" interaction="false"/><pair id="DrugDDI.d137.s4.p69" e1="DrugDDI.d137.s4.e8" e2="DrugDDI.d137.s4.e10" interaction="false"/><pair id="DrugDDI.d137.s4.p70" e1="DrugDDI.d137.s4.e8" e2="DrugDDI.d137.s4.e11" interaction="false"/><pair id="DrugDDI.d137.s4.p71" e1="DrugDDI.d137.s4.e8" e2="DrugDDI.d137.s4.e12" interaction="false"/><pair id="DrugDDI.d137.s4.p72" e1="DrugDDI.d137.s4.e9" e2="DrugDDI.d137.s4.e10" interaction="false"/><pair id="DrugDDI.d137.s4.p73" e1="DrugDDI.d137.s4.e9" e2="DrugDDI.d137.s4.e11" interaction="false"/><pair id="DrugDDI.d137.s4.p74" e1="DrugDDI.d137.s4.e9" e2="DrugDDI.d137.s4.e12" interaction="false"/><pair id="DrugDDI.d137.s4.p75" e1="DrugDDI.d137.s4.e10" e2="DrugDDI.d137.s4.e11" interaction="false"/><pair id="DrugDDI.d137.s4.p76" e1="DrugDDI.d137.s4.e10" e2="DrugDDI.d137.s4.e12" interaction="false"/><pair id="DrugDDI.d137.s4.p77" e1="DrugDDI.d137.s4.e11" e2="DrugDDI.d137.s4.e12" interaction="false"/></sentence><sentence id="DrugDDI.d137.s5" origId="s5" text="When such drugs are administered to a patient receiving DIABINESE, the patient should be closely observed for loss of control."><entity id="DrugDDI.d137.s5.e0" origId="s5.p73" charOffset="10-15" type="drug" text="drugs"/><entity id="DrugDDI.d137.s5.e1" origId="s5.p76" charOffset="56-65" type="drug" text="DIABINESE"/><pair id="DrugDDI.d137.s5.p0" e1="DrugDDI.d137.s5.e0" e2="DrugDDI.d137.s5.e1" interaction="true"/></sentence><sentence id="DrugDDI.d137.s6" origId="s6" text="When such drugs are withdrawn from a patient receiving DIABINESE, the patient should be observed closely for hypoglycemia."><entity id="DrugDDI.d137.s6.e0" origId="s6.p85" charOffset="10-15" type="drug" text="drugs"/><entity id="DrugDDI.d137.s6.e1" origId="s6.p88" charOffset="55-64" type="drug" text="DIABINESE"/><pair id="DrugDDI.d137.s6.p0" e1="DrugDDI.d137.s6.e0" e2="DrugDDI.d137.s6.e1" interaction="true"/></sentence><sentence id="DrugDDI.d137.s7" origId="s7" text="Since animal studies suggest that the action of barbiturates may be prolonged by therapy with chlorpropamide, barbiturates should be employed with caution."><entity id="DrugDDI.d137.s7.e0" origId="s7.p99" charOffset="48-60" type="drug" text="barbiturates"/><entity id="DrugDDI.d137.s7.e1" origId="s7.p104" charOffset="94-108" type="drug" text="chlorpropamide"/><entity id="DrugDDI.d137.s7.e2" origId="s7.p105" charOffset="110-122" type="drug" text="barbiturates"/><pair id="DrugDDI.d137.s7.p0" e1="DrugDDI.d137.s7.e0" e2="DrugDDI.d137.s7.e1" interaction="true"/><pair id="DrugDDI.d137.s7.p1" e1="DrugDDI.d137.s7.e0" e2="DrugDDI.d137.s7.e2" interaction="false"/><pair id="DrugDDI.d137.s7.p2" e1="DrugDDI.d137.s7.e1" e2="DrugDDI.d137.s7.e2" interaction="false"/></sentence><sentence id="DrugDDI.d137.s8" origId="s8" text="In some patients, a disulfiram-like reaction may be produced by the ingestion of alcohol."><entity id="DrugDDI.d137.s8.e0" origId="s8.p111" charOffset="20-30" type="drug" text="disulfiram"/><entity id="DrugDDI.d137.s8.e1" origId="s8.p117" charOffset="81-88" type="drug" text="alcohol"/><pair id="DrugDDI.d137.s8.p0" e1="DrugDDI.d137.s8.e0" e2="DrugDDI.d137.s8.e1" interaction="true"/></sentence><sentence id="DrugDDI.d137.s9" origId="s9" text="A potential interaction between oral miconazole and oral hypoglycemic agents leading to severe hypoglycemia has been reported."><entity id="DrugDDI.d137.s9.e0" origId="s9.p119" charOffset="32-47" type="drug" text="oral miconazole"/><entity id="DrugDDI.d137.s9.e1" origId="s9.p121" charOffset="57-76" type="drug" text="hypoglycemic agents"/><pair id="DrugDDI.d137.s9.p0" e1="DrugDDI.d137.s9.e0" e2="DrugDDI.d137.s9.e1" interaction="true"/></sentence><sentence id="DrugDDI.d137.s10" origId="s10" text="Whether this interaction also occurs with the intravenous, topical, or vaginal preparations of miconazole is not known."><entity id="DrugDDI.d137.s10.e0" origId="s10.p131" charOffset="95-105" type="drug" text="miconazole"/></sentence></document>