<?xml version="1.0" encoding="UTF-8"?>
<document id="DrugDDI.d524" origId="Chlorpromazine"><sentence id="DrugDDI.d524.s0" origId="s0" text="The concurrent use of two or more drugs with anticholinergic activity--such as an antipsychotic drug (eg, chlorpromazine), an antiparkinsonian drug (eg, trihexyphenidyl), and/or a tricyclic antidepressant (eg, amitriptyline)--commonly results in excessive anticholinergic effects, including dry mouth and associated dental complications, blurred vision, and, in patients exposed to high temperature and humidity, hyperpyrexia."><entity id="DrugDDI.d524.s0.e0" origId="s0.p3" charOffset="34-39" type="drug" text="drugs"/><entity id="DrugDDI.d524.s0.e1" origId="s0.p4" charOffset="45-60" type="drug" text="anticholinergic"/><entity id="DrugDDI.d524.s0.e2" origId="s0.p6" charOffset="82-100" type="drug" text="antipsychotic drug"/><entity id="DrugDDI.d524.s0.e3" origId="s0.p9" charOffset="106-120" type="drug" text="chlorpromazine"/><entity id="DrugDDI.d524.s0.e4" origId="s0.p12" charOffset="126-147" type="drug" text="antiparkinsonian drug"/><entity id="DrugDDI.d524.s0.e5" origId="s0.p15" charOffset="153-168" type="drug" text="trihexyphenidyl"/><entity id="DrugDDI.d524.s0.e6" origId="s0.p19" charOffset="180-204" type="drug" text="tricyclic antidepressant"/><entity id="DrugDDI.d524.s0.e7" origId="s0.p22" charOffset="210-223" type="drug" text="amitriptyline"/><entity id="DrugDDI.d524.s0.e8" origId="s0.p27" charOffset="256-271" type="drug" text="anticholinergic"/><pair id="DrugDDI.d524.s0.p0" e1="DrugDDI.d524.s0.e0" e2="DrugDDI.d524.s0.e1" interaction="false"/><pair id="DrugDDI.d524.s0.p1" e1="DrugDDI.d524.s0.e0" e2="DrugDDI.d524.s0.e2" interaction="false"/><pair id="DrugDDI.d524.s0.p2" e1="DrugDDI.d524.s0.e0" e2="DrugDDI.d524.s0.e3" interaction="false"/><pair id="DrugDDI.d524.s0.p3" e1="DrugDDI.d524.s0.e0" e2="DrugDDI.d524.s0.e4" interaction="false"/><pair id="DrugDDI.d524.s0.p4" e1="DrugDDI.d524.s0.e0" e2="DrugDDI.d524.s0.e5" interaction="false"/><pair id="DrugDDI.d524.s0.p5" e1="DrugDDI.d524.s0.e0" e2="DrugDDI.d524.s0.e6" interaction="false"/><pair id="DrugDDI.d524.s0.p6" e1="DrugDDI.d524.s0.e0" e2="DrugDDI.d524.s0.e7" interaction="false"/><pair id="DrugDDI.d524.s0.p7" e1="DrugDDI.d524.s0.e0" e2="DrugDDI.d524.s0.e8" interaction="false"/><pair id="DrugDDI.d524.s0.p8" e1="DrugDDI.d524.s0.e1" e2="DrugDDI.d524.s0.e2" interaction="false"/><pair id="DrugDDI.d524.s0.p9" e1="DrugDDI.d524.s0.e1" e2="DrugDDI.d524.s0.e3" interaction="false"/><pair id="DrugDDI.d524.s0.p10" e1="DrugDDI.d524.s0.e1" e2="DrugDDI.d524.s0.e4" interaction="false"/><pair id="DrugDDI.d524.s0.p11" e1="DrugDDI.d524.s0.e1" e2="DrugDDI.d524.s0.e5" interaction="false"/><pair id="DrugDDI.d524.s0.p12" e1="DrugDDI.d524.s0.e1" e2="DrugDDI.d524.s0.e6" interaction="false"/><pair id="DrugDDI.d524.s0.p13" e1="DrugDDI.d524.s0.e1" e2="DrugDDI.d524.s0.e7" interaction="false"/><pair id="DrugDDI.d524.s0.p14" e1="DrugDDI.d524.s0.e1" e2="DrugDDI.d524.s0.e8" interaction="false"/><pair id="DrugDDI.d524.s0.p15" e1="DrugDDI.d524.s0.e2" e2="DrugDDI.d524.s0.e3" interaction="false"/><pair id="DrugDDI.d524.s0.p16" e1="DrugDDI.d524.s0.e2" e2="DrugDDI.d524.s0.e4" interaction="true"/><pair id="DrugDDI.d524.s0.p17" e1="DrugDDI.d524.s0.e2" e2="DrugDDI.d524.s0.e5" interaction="true"/><pair id="DrugDDI.d524.s0.p18" e1="DrugDDI.d524.s0.e2" e2="DrugDDI.d524.s0.e6" interaction="true"/><pair id="DrugDDI.d524.s0.p19" e1="DrugDDI.d524.s0.e2" e2="DrugDDI.d524.s0.e7" interaction="true"/><pair id="DrugDDI.d524.s0.p20" e1="DrugDDI.d524.s0.e2" e2="DrugDDI.d524.s0.e8" interaction="false"/><pair id="DrugDDI.d524.s0.p21" e1="DrugDDI.d524.s0.e3" e2="DrugDDI.d524.s0.e4" interaction="true"/><pair id="DrugDDI.d524.s0.p22" e1="DrugDDI.d524.s0.e3" e2="DrugDDI.d524.s0.e5" interaction="true"/><pair id="DrugDDI.d524.s0.p23" e1="DrugDDI.d524.s0.e3" e2="DrugDDI.d524.s0.e6" interaction="false"/><pair id="DrugDDI.d524.s0.p24" e1="DrugDDI.d524.s0.e3" e2="DrugDDI.d524.s0.e7" interaction="true"/><pair id="DrugDDI.d524.s0.p25" e1="DrugDDI.d524.s0.e3" e2="DrugDDI.d524.s0.e8" interaction="false"/><pair id="DrugDDI.d524.s0.p26" e1="DrugDDI.d524.s0.e4" e2="DrugDDI.d524.s0.e5" interaction="false"/><pair id="DrugDDI.d524.s0.p27" e1="DrugDDI.d524.s0.e4" e2="DrugDDI.d524.s0.e6" interaction="false"/><pair id="DrugDDI.d524.s0.p28" e1="DrugDDI.d524.s0.e4" e2="DrugDDI.d524.s0.e7" interaction="true"/><pair id="DrugDDI.d524.s0.p29" e1="DrugDDI.d524.s0.e4" e2="DrugDDI.d524.s0.e8" interaction="false"/><pair id="DrugDDI.d524.s0.p30" e1="DrugDDI.d524.s0.e5" e2="DrugDDI.d524.s0.e6" interaction="true"/><pair id="DrugDDI.d524.s0.p31" e1="DrugDDI.d524.s0.e5" e2="DrugDDI.d524.s0.e7" interaction="true"/><pair id="DrugDDI.d524.s0.p32" e1="DrugDDI.d524.s0.e5" e2="DrugDDI.d524.s0.e8" interaction="false"/><pair id="DrugDDI.d524.s0.p33" e1="DrugDDI.d524.s0.e6" e2="DrugDDI.d524.s0.e7" interaction="false"/><pair id="DrugDDI.d524.s0.p34" e1="DrugDDI.d524.s0.e6" e2="DrugDDI.d524.s0.e8" interaction="false"/><pair id="DrugDDI.d524.s0.p35" e1="DrugDDI.d524.s0.e7" e2="DrugDDI.d524.s0.e8" interaction="false"/></sentence><sentence id="DrugDDI.d524.s1" origId="s1" text="Interactions may also occur with the following: anti-depressants/anti-anxiety drugs, drugs used to treat an overactive thyroid, beta-blockers (e.g., propranolol), sparfloxacin, grepafloxacin, guanethidine, guanadrel, metrizamide, cabergoline, lithium, narcotic pain medication (e.g., codeine), drugs used to aid sleep, drowsiness-causing antihistamines (e.g., diphenhydramine), any other drugs that may make you drowsy."><entity id="DrugDDI.d524.s1.e0" origId="s1.p46" charOffset="48-65" type="drug" text="anti-depressants"/><entity id="DrugDDI.d524.s1.e1" origId="s1.p47" charOffset="65-83" type="drug" text="anti-anxiety drugs"/><entity id="DrugDDI.d524.s1.e2" origId="s1.p48" charOffset="85-90" type="drug" text="drugs"/><entity id="DrugDDI.d524.s1.e3" origId="s1.p53" charOffset="128-142" type="drug" text="beta-blockers"/><entity id="DrugDDI.d524.s1.e4" origId="s1.p56" charOffset="149-160" type="drug" text="propranolol"/><entity id="DrugDDI.d524.s1.e5" origId="s1.p59" charOffset="163-175" type="drug" text="sparfloxacin"/><entity id="DrugDDI.d524.s1.e6" origId="s1.p60" charOffset="177-190" type="drug" text="grepafloxacin"/><entity id="DrugDDI.d524.s1.e7" origId="s1.p61" charOffset="192-204" type="drug" text="guanethidine"/><entity id="DrugDDI.d524.s1.e8" origId="s1.p62" charOffset="206-215" type="drug" text="guanadrel"/><entity id="DrugDDI.d524.s1.e9" origId="s1.p63" charOffset="217-228" type="drug" text="metrizamide"/><entity id="DrugDDI.d524.s1.e10" origId="s1.p64" charOffset="230-241" type="drug" text="cabergoline"/><entity id="DrugDDI.d524.s1.e11" origId="s1.p65" charOffset="243-250" type="drug" text="lithium"/><entity id="DrugDDI.d524.s1.e12" origId="s1.p66" charOffset="252-260" type="drug" text="narcotic"/><entity id="DrugDDI.d524.s1.e13" origId="s1.p69" charOffset="284-291" type="drug" text="codeine"/><entity id="DrugDDI.d524.s1.e14" origId="s1.p72" charOffset="294-299" type="drug" text="drugs"/><entity id="DrugDDI.d524.s1.e15" origId="s1.p77" charOffset="338-352" type="drug" text="antihistamines"/><entity id="DrugDDI.d524.s1.e16" origId="s1.p80" charOffset="360-375" type="drug" text="diphenhydramine"/><entity id="DrugDDI.d524.s1.e17" origId="s1.p83" charOffset="388-393" type="drug" text="drugs"/><pair id="DrugDDI.d524.s1.p0" e1="DrugDDI.d524.s1.e0" e2="DrugDDI.d524.s1.e1" interaction="false"/><pair id="DrugDDI.d524.s1.p1" e1="DrugDDI.d524.s1.e0" e2="DrugDDI.d524.s1.e2" interaction="false"/><pair id="DrugDDI.d524.s1.p2" e1="DrugDDI.d524.s1.e0" e2="DrugDDI.d524.s1.e3" interaction="false"/><pair id="DrugDDI.d524.s1.p3" e1="DrugDDI.d524.s1.e0" e2="DrugDDI.d524.s1.e4" interaction="false"/><pair id="DrugDDI.d524.s1.p4" e1="DrugDDI.d524.s1.e0" e2="DrugDDI.d524.s1.e5" interaction="false"/><pair id="DrugDDI.d524.s1.p5" e1="DrugDDI.d524.s1.e0" e2="DrugDDI.d524.s1.e6" interaction="false"/><pair id="DrugDDI.d524.s1.p6" e1="DrugDDI.d524.s1.e0" e2="DrugDDI.d524.s1.e7" interaction="false"/><pair id="DrugDDI.d524.s1.p7" e1="DrugDDI.d524.s1.e0" e2="DrugDDI.d524.s1.e8" interaction="false"/><pair id="DrugDDI.d524.s1.p8" e1="DrugDDI.d524.s1.e0" e2="DrugDDI.d524.s1.e9" interaction="false"/><pair id="DrugDDI.d524.s1.p9" e1="DrugDDI.d524.s1.e0" e2="DrugDDI.d524.s1.e10" interaction="false"/><pair id="DrugDDI.d524.s1.p10" e1="DrugDDI.d524.s1.e0" e2="DrugDDI.d524.s1.e11" interaction="false"/><pair id="DrugDDI.d524.s1.p11" e1="DrugDDI.d524.s1.e0" e2="DrugDDI.d524.s1.e12" interaction="false"/><pair id="DrugDDI.d524.s1.p12" e1="DrugDDI.d524.s1.e0" e2="DrugDDI.d524.s1.e13" interaction="false"/><pair id="DrugDDI.d524.s1.p13" e1="DrugDDI.d524.s1.e0" e2="DrugDDI.d524.s1.e14" interaction="false"/><pair id="DrugDDI.d524.s1.p14" e1="DrugDDI.d524.s1.e0" e2="DrugDDI.d524.s1.e15" interaction="false"/><pair id="DrugDDI.d524.s1.p15" e1="DrugDDI.d524.s1.e0" e2="DrugDDI.d524.s1.e16" interaction="false"/><pair id="DrugDDI.d524.s1.p16" e1="DrugDDI.d524.s1.e0" e2="DrugDDI.d524.s1.e17" interaction="false"/><pair id="DrugDDI.d524.s1.p17" e1="DrugDDI.d524.s1.e1" e2="DrugDDI.d524.s1.e2" interaction="false"/><pair id="DrugDDI.d524.s1.p18" e1="DrugDDI.d524.s1.e1" e2="DrugDDI.d524.s1.e3" interaction="false"/><pair id="DrugDDI.d524.s1.p19" e1="DrugDDI.d524.s1.e1" e2="DrugDDI.d524.s1.e4" interaction="false"/><pair id="DrugDDI.d524.s1.p20" e1="DrugDDI.d524.s1.e1" e2="DrugDDI.d524.s1.e5" interaction="false"/><pair id="DrugDDI.d524.s1.p21" e1="DrugDDI.d524.s1.e1" e2="DrugDDI.d524.s1.e6" interaction="false"/><pair id="DrugDDI.d524.s1.p22" e1="DrugDDI.d524.s1.e1" e2="DrugDDI.d524.s1.e7" interaction="false"/><pair id="DrugDDI.d524.s1.p23" e1="DrugDDI.d524.s1.e1" e2="DrugDDI.d524.s1.e8" interaction="false"/><pair id="DrugDDI.d524.s1.p24" e1="DrugDDI.d524.s1.e1" e2="DrugDDI.d524.s1.e9" interaction="false"/><pair id="DrugDDI.d524.s1.p25" e1="DrugDDI.d524.s1.e1" e2="DrugDDI.d524.s1.e10" interaction="false"/><pair id="DrugDDI.d524.s1.p26" e1="DrugDDI.d524.s1.e1" e2="DrugDDI.d524.s1.e11" interaction="false"/><pair id="DrugDDI.d524.s1.p27" e1="DrugDDI.d524.s1.e1" e2="DrugDDI.d524.s1.e12" interaction="false"/><pair id="DrugDDI.d524.s1.p28" e1="DrugDDI.d524.s1.e1" e2="DrugDDI.d524.s1.e13" interaction="false"/><pair id="DrugDDI.d524.s1.p29" e1="DrugDDI.d524.s1.e1" e2="DrugDDI.d524.s1.e14" interaction="false"/><pair id="DrugDDI.d524.s1.p30" e1="DrugDDI.d524.s1.e1" e2="DrugDDI.d524.s1.e15" interaction="false"/><pair id="DrugDDI.d524.s1.p31" e1="DrugDDI.d524.s1.e1" e2="DrugDDI.d524.s1.e16" interaction="false"/><pair id="DrugDDI.d524.s1.p32" e1="DrugDDI.d524.s1.e1" e2="DrugDDI.d524.s1.e17" interaction="false"/><pair id="DrugDDI.d524.s1.p33" e1="DrugDDI.d524.s1.e2" e2="DrugDDI.d524.s1.e3" interaction="false"/><pair id="DrugDDI.d524.s1.p34" e1="DrugDDI.d524.s1.e2" e2="DrugDDI.d524.s1.e4" interaction="false"/><pair id="DrugDDI.d524.s1.p35" e1="DrugDDI.d524.s1.e2" e2="DrugDDI.d524.s1.e5" interaction="false"/><pair id="DrugDDI.d524.s1.p36" e1="DrugDDI.d524.s1.e2" e2="DrugDDI.d524.s1.e6" interaction="false"/><pair id="DrugDDI.d524.s1.p37" e1="DrugDDI.d524.s1.e2" e2="DrugDDI.d524.s1.e7" interaction="false"/><pair id="DrugDDI.d524.s1.p38" e1="DrugDDI.d524.s1.e2" e2="DrugDDI.d524.s1.e8" interaction="false"/><pair id="DrugDDI.d524.s1.p39" e1="DrugDDI.d524.s1.e2" e2="DrugDDI.d524.s1.e9" interaction="false"/><pair id="DrugDDI.d524.s1.p40" e1="DrugDDI.d524.s1.e2" e2="DrugDDI.d524.s1.e10" interaction="false"/><pair id="DrugDDI.d524.s1.p41" e1="DrugDDI.d524.s1.e2" e2="DrugDDI.d524.s1.e11" interaction="false"/><pair id="DrugDDI.d524.s1.p42" e1="DrugDDI.d524.s1.e2" e2="DrugDDI.d524.s1.e12" interaction="false"/><pair id="DrugDDI.d524.s1.p43" e1="DrugDDI.d524.s1.e2" e2="DrugDDI.d524.s1.e13" interaction="false"/><pair id="DrugDDI.d524.s1.p44" e1="DrugDDI.d524.s1.e2" e2="DrugDDI.d524.s1.e14" interaction="false"/><pair id="DrugDDI.d524.s1.p45" e1="DrugDDI.d524.s1.e2" e2="DrugDDI.d524.s1.e15" interaction="false"/><pair id="DrugDDI.d524.s1.p46" e1="DrugDDI.d524.s1.e2" e2="DrugDDI.d524.s1.e16" interaction="false"/><pair id="DrugDDI.d524.s1.p47" e1="DrugDDI.d524.s1.e2" e2="DrugDDI.d524.s1.e17" interaction="false"/><pair id="DrugDDI.d524.s1.p48" e1="DrugDDI.d524.s1.e3" e2="DrugDDI.d524.s1.e4" interaction="false"/><pair id="DrugDDI.d524.s1.p49" e1="DrugDDI.d524.s1.e3" e2="DrugDDI.d524.s1.e5" interaction="false"/><pair id="DrugDDI.d524.s1.p50" e1="DrugDDI.d524.s1.e3" e2="DrugDDI.d524.s1.e6" interaction="false"/><pair id="DrugDDI.d524.s1.p51" e1="DrugDDI.d524.s1.e3" e2="DrugDDI.d524.s1.e7" interaction="false"/><pair id="DrugDDI.d524.s1.p52" e1="DrugDDI.d524.s1.e3" e2="DrugDDI.d524.s1.e8" interaction="false"/><pair id="DrugDDI.d524.s1.p53" e1="DrugDDI.d524.s1.e3" e2="DrugDDI.d524.s1.e9" interaction="false"/><pair id="DrugDDI.d524.s1.p54" e1="DrugDDI.d524.s1.e3" e2="DrugDDI.d524.s1.e10" interaction="false"/><pair id="DrugDDI.d524.s1.p55" e1="DrugDDI.d524.s1.e3" e2="DrugDDI.d524.s1.e11" interaction="false"/><pair id="DrugDDI.d524.s1.p56" e1="DrugDDI.d524.s1.e3" e2="DrugDDI.d524.s1.e12" interaction="false"/><pair id="DrugDDI.d524.s1.p57" e1="DrugDDI.d524.s1.e3" e2="DrugDDI.d524.s1.e13" interaction="false"/><pair id="DrugDDI.d524.s1.p58" e1="DrugDDI.d524.s1.e3" e2="DrugDDI.d524.s1.e14" interaction="false"/><pair id="DrugDDI.d524.s1.p59" e1="DrugDDI.d524.s1.e3" e2="DrugDDI.d524.s1.e15" interaction="false"/><pair id="DrugDDI.d524.s1.p60" e1="DrugDDI.d524.s1.e3" e2="DrugDDI.d524.s1.e16" interaction="false"/><pair id="DrugDDI.d524.s1.p61" e1="DrugDDI.d524.s1.e3" e2="DrugDDI.d524.s1.e17" interaction="false"/><pair id="DrugDDI.d524.s1.p62" e1="DrugDDI.d524.s1.e4" e2="DrugDDI.d524.s1.e5" interaction="false"/><pair id="DrugDDI.d524.s1.p63" e1="DrugDDI.d524.s1.e4" e2="DrugDDI.d524.s1.e6" interaction="false"/><pair id="DrugDDI.d524.s1.p64" e1="DrugDDI.d524.s1.e4" e2="DrugDDI.d524.s1.e7" interaction="false"/><pair id="DrugDDI.d524.s1.p65" e1="DrugDDI.d524.s1.e4" e2="DrugDDI.d524.s1.e8" interaction="false"/><pair id="DrugDDI.d524.s1.p66" e1="DrugDDI.d524.s1.e4" e2="DrugDDI.d524.s1.e9" interaction="false"/><pair id="DrugDDI.d524.s1.p67" e1="DrugDDI.d524.s1.e4" e2="DrugDDI.d524.s1.e10" interaction="false"/><pair id="DrugDDI.d524.s1.p68" e1="DrugDDI.d524.s1.e4" e2="DrugDDI.d524.s1.e11" interaction="false"/><pair id="DrugDDI.d524.s1.p69" e1="DrugDDI.d524.s1.e4" e2="DrugDDI.d524.s1.e12" interaction="false"/><pair id="DrugDDI.d524.s1.p70" e1="DrugDDI.d524.s1.e4" e2="DrugDDI.d524.s1.e13" interaction="false"/><pair id="DrugDDI.d524.s1.p71" e1="DrugDDI.d524.s1.e4" e2="DrugDDI.d524.s1.e14" interaction="false"/><pair id="DrugDDI.d524.s1.p72" e1="DrugDDI.d524.s1.e4" e2="DrugDDI.d524.s1.e15" interaction="false"/><pair id="DrugDDI.d524.s1.p73" e1="DrugDDI.d524.s1.e4" e2="DrugDDI.d524.s1.e16" interaction="false"/><pair id="DrugDDI.d524.s1.p74" e1="DrugDDI.d524.s1.e4" e2="DrugDDI.d524.s1.e17" interaction="false"/><pair id="DrugDDI.d524.s1.p75" e1="DrugDDI.d524.s1.e5" e2="DrugDDI.d524.s1.e6" interaction="false"/><pair id="DrugDDI.d524.s1.p76" e1="DrugDDI.d524.s1.e5" e2="DrugDDI.d524.s1.e7" interaction="false"/><pair id="DrugDDI.d524.s1.p77" e1="DrugDDI.d524.s1.e5" e2="DrugDDI.d524.s1.e8" interaction="false"/><pair id="DrugDDI.d524.s1.p78" e1="DrugDDI.d524.s1.e5" e2="DrugDDI.d524.s1.e9" interaction="false"/><pair id="DrugDDI.d524.s1.p79" e1="DrugDDI.d524.s1.e5" e2="DrugDDI.d524.s1.e10" interaction="false"/><pair id="DrugDDI.d524.s1.p80" e1="DrugDDI.d524.s1.e5" e2="DrugDDI.d524.s1.e11" interaction="false"/><pair id="DrugDDI.d524.s1.p81" e1="DrugDDI.d524.s1.e5" e2="DrugDDI.d524.s1.e12" interaction="false"/><pair id="DrugDDI.d524.s1.p82" e1="DrugDDI.d524.s1.e5" e2="DrugDDI.d524.s1.e13" interaction="false"/><pair id="DrugDDI.d524.s1.p83" e1="DrugDDI.d524.s1.e5" e2="DrugDDI.d524.s1.e14" interaction="false"/><pair id="DrugDDI.d524.s1.p84" e1="DrugDDI.d524.s1.e5" e2="DrugDDI.d524.s1.e15" interaction="false"/><pair id="DrugDDI.d524.s1.p85" e1="DrugDDI.d524.s1.e5" e2="DrugDDI.d524.s1.e16" interaction="false"/><pair id="DrugDDI.d524.s1.p86" e1="DrugDDI.d524.s1.e5" e2="DrugDDI.d524.s1.e17" interaction="false"/><pair id="DrugDDI.d524.s1.p87" e1="DrugDDI.d524.s1.e6" e2="DrugDDI.d524.s1.e7" interaction="false"/><pair id="DrugDDI.d524.s1.p88" e1="DrugDDI.d524.s1.e6" e2="DrugDDI.d524.s1.e8" interaction="false"/><pair id="DrugDDI.d524.s1.p89" e1="DrugDDI.d524.s1.e6" e2="DrugDDI.d524.s1.e9" interaction="false"/><pair id="DrugDDI.d524.s1.p90" e1="DrugDDI.d524.s1.e6" e2="DrugDDI.d524.s1.e10" interaction="false"/><pair id="DrugDDI.d524.s1.p91" e1="DrugDDI.d524.s1.e6" e2="DrugDDI.d524.s1.e11" interaction="false"/><pair id="DrugDDI.d524.s1.p92" e1="DrugDDI.d524.s1.e6" e2="DrugDDI.d524.s1.e12" interaction="false"/><pair id="DrugDDI.d524.s1.p93" e1="DrugDDI.d524.s1.e6" e2="DrugDDI.d524.s1.e13" interaction="false"/><pair id="DrugDDI.d524.s1.p94" e1="DrugDDI.d524.s1.e6" e2="DrugDDI.d524.s1.e14" interaction="false"/><pair id="DrugDDI.d524.s1.p95" e1="DrugDDI.d524.s1.e6" e2="DrugDDI.d524.s1.e15" interaction="false"/><pair id="DrugDDI.d524.s1.p96" e1="DrugDDI.d524.s1.e6" e2="DrugDDI.d524.s1.e16" interaction="false"/><pair id="DrugDDI.d524.s1.p97" e1="DrugDDI.d524.s1.e6" e2="DrugDDI.d524.s1.e17" interaction="false"/><pair id="DrugDDI.d524.s1.p98" e1="DrugDDI.d524.s1.e7" e2="DrugDDI.d524.s1.e8" interaction="false"/><pair id="DrugDDI.d524.s1.p99" e1="DrugDDI.d524.s1.e7" e2="DrugDDI.d524.s1.e9" interaction="false"/><pair id="DrugDDI.d524.s1.p100" e1="DrugDDI.d524.s1.e7" e2="DrugDDI.d524.s1.e10" interaction="false"/><pair id="DrugDDI.d524.s1.p101" e1="DrugDDI.d524.s1.e7" e2="DrugDDI.d524.s1.e11" interaction="false"/><pair id="DrugDDI.d524.s1.p102" e1="DrugDDI.d524.s1.e7" e2="DrugDDI.d524.s1.e12" interaction="false"/><pair id="DrugDDI.d524.s1.p103" e1="DrugDDI.d524.s1.e7" e2="DrugDDI.d524.s1.e13" interaction="false"/><pair id="DrugDDI.d524.s1.p104" e1="DrugDDI.d524.s1.e7" e2="DrugDDI.d524.s1.e14" interaction="false"/><pair id="DrugDDI.d524.s1.p105" e1="DrugDDI.d524.s1.e7" e2="DrugDDI.d524.s1.e15" interaction="false"/><pair id="DrugDDI.d524.s1.p106" e1="DrugDDI.d524.s1.e7" e2="DrugDDI.d524.s1.e16" interaction="false"/><pair id="DrugDDI.d524.s1.p107" e1="DrugDDI.d524.s1.e7" e2="DrugDDI.d524.s1.e17" interaction="false"/><pair id="DrugDDI.d524.s1.p108" e1="DrugDDI.d524.s1.e8" e2="DrugDDI.d524.s1.e9" interaction="false"/><pair id="DrugDDI.d524.s1.p109" e1="DrugDDI.d524.s1.e8" e2="DrugDDI.d524.s1.e10" interaction="false"/><pair id="DrugDDI.d524.s1.p110" e1="DrugDDI.d524.s1.e8" e2="DrugDDI.d524.s1.e11" interaction="false"/><pair id="DrugDDI.d524.s1.p111" e1="DrugDDI.d524.s1.e8" e2="DrugDDI.d524.s1.e12" interaction="false"/><pair id="DrugDDI.d524.s1.p112" e1="DrugDDI.d524.s1.e8" e2="DrugDDI.d524.s1.e13" interaction="false"/><pair id="DrugDDI.d524.s1.p113" e1="DrugDDI.d524.s1.e8" e2="DrugDDI.d524.s1.e14" interaction="false"/><pair id="DrugDDI.d524.s1.p114" e1="DrugDDI.d524.s1.e8" e2="DrugDDI.d524.s1.e15" interaction="false"/><pair id="DrugDDI.d524.s1.p115" e1="DrugDDI.d524.s1.e8" e2="DrugDDI.d524.s1.e16" interaction="false"/><pair id="DrugDDI.d524.s1.p116" e1="DrugDDI.d524.s1.e8" e2="DrugDDI.d524.s1.e17" interaction="false"/><pair id="DrugDDI.d524.s1.p117" e1="DrugDDI.d524.s1.e9" e2="DrugDDI.d524.s1.e10" interaction="false"/><pair id="DrugDDI.d524.s1.p118" e1="DrugDDI.d524.s1.e9" e2="DrugDDI.d524.s1.e11" interaction="false"/><pair id="DrugDDI.d524.s1.p119" e1="DrugDDI.d524.s1.e9" e2="DrugDDI.d524.s1.e12" interaction="false"/><pair id="DrugDDI.d524.s1.p120" e1="DrugDDI.d524.s1.e9" e2="DrugDDI.d524.s1.e13" interaction="false"/><pair id="DrugDDI.d524.s1.p121" e1="DrugDDI.d524.s1.e9" e2="DrugDDI.d524.s1.e14" interaction="false"/><pair id="DrugDDI.d524.s1.p122" e1="DrugDDI.d524.s1.e9" e2="DrugDDI.d524.s1.e15" interaction="false"/><pair id="DrugDDI.d524.s1.p123" e1="DrugDDI.d524.s1.e9" e2="DrugDDI.d524.s1.e16" interaction="false"/><pair id="DrugDDI.d524.s1.p124" e1="DrugDDI.d524.s1.e9" e2="DrugDDI.d524.s1.e17" interaction="false"/><pair id="DrugDDI.d524.s1.p125" e1="DrugDDI.d524.s1.e10" e2="DrugDDI.d524.s1.e11" interaction="false"/><pair id="DrugDDI.d524.s1.p126" e1="DrugDDI.d524.s1.e10" e2="DrugDDI.d524.s1.e12" interaction="false"/><pair id="DrugDDI.d524.s1.p127" e1="DrugDDI.d524.s1.e10" e2="DrugDDI.d524.s1.e13" interaction="false"/><pair id="DrugDDI.d524.s1.p128" e1="DrugDDI.d524.s1.e10" e2="DrugDDI.d524.s1.e14" interaction="false"/><pair id="DrugDDI.d524.s1.p129" e1="DrugDDI.d524.s1.e10" e2="DrugDDI.d524.s1.e15" interaction="false"/><pair id="DrugDDI.d524.s1.p130" e1="DrugDDI.d524.s1.e10" e2="DrugDDI.d524.s1.e16" interaction="false"/><pair id="DrugDDI.d524.s1.p131" e1="DrugDDI.d524.s1.e10" e2="DrugDDI.d524.s1.e17" interaction="false"/><pair id="DrugDDI.d524.s1.p132" e1="DrugDDI.d524.s1.e11" e2="DrugDDI.d524.s1.e12" interaction="false"/><pair id="DrugDDI.d524.s1.p133" e1="DrugDDI.d524.s1.e11" e2="DrugDDI.d524.s1.e13" interaction="false"/><pair id="DrugDDI.d524.s1.p134" e1="DrugDDI.d524.s1.e11" e2="DrugDDI.d524.s1.e14" interaction="false"/><pair id="DrugDDI.d524.s1.p135" e1="DrugDDI.d524.s1.e11" e2="DrugDDI.d524.s1.e15" interaction="false"/><pair id="DrugDDI.d524.s1.p136" e1="DrugDDI.d524.s1.e11" e2="DrugDDI.d524.s1.e16" interaction="false"/><pair id="DrugDDI.d524.s1.p137" e1="DrugDDI.d524.s1.e11" e2="DrugDDI.d524.s1.e17" interaction="false"/><pair id="DrugDDI.d524.s1.p138" e1="DrugDDI.d524.s1.e12" e2="DrugDDI.d524.s1.e13" interaction="false"/><pair id="DrugDDI.d524.s1.p139" e1="DrugDDI.d524.s1.e12" e2="DrugDDI.d524.s1.e14" interaction="false"/><pair id="DrugDDI.d524.s1.p140" e1="DrugDDI.d524.s1.e12" e2="DrugDDI.d524.s1.e15" interaction="false"/><pair id="DrugDDI.d524.s1.p141" e1="DrugDDI.d524.s1.e12" e2="DrugDDI.d524.s1.e16" interaction="false"/><pair id="DrugDDI.d524.s1.p142" e1="DrugDDI.d524.s1.e12" e2="DrugDDI.d524.s1.e17" interaction="false"/><pair id="DrugDDI.d524.s1.p143" e1="DrugDDI.d524.s1.e13" e2="DrugDDI.d524.s1.e14" interaction="false"/><pair id="DrugDDI.d524.s1.p144" e1="DrugDDI.d524.s1.e13" e2="DrugDDI.d524.s1.e15" interaction="false"/><pair id="DrugDDI.d524.s1.p145" e1="DrugDDI.d524.s1.e13" e2="DrugDDI.d524.s1.e16" interaction="false"/><pair id="DrugDDI.d524.s1.p146" e1="DrugDDI.d524.s1.e13" e2="DrugDDI.d524.s1.e17" interaction="false"/><pair id="DrugDDI.d524.s1.p147" e1="DrugDDI.d524.s1.e14" e2="DrugDDI.d524.s1.e15" interaction="false"/><pair id="DrugDDI.d524.s1.p148" e1="DrugDDI.d524.s1.e14" e2="DrugDDI.d524.s1.e16" interaction="false"/><pair id="DrugDDI.d524.s1.p149" e1="DrugDDI.d524.s1.e14" e2="DrugDDI.d524.s1.e17" interaction="false"/><pair id="DrugDDI.d524.s1.p150" e1="DrugDDI.d524.s1.e15" e2="DrugDDI.d524.s1.e16" interaction="false"/><pair id="DrugDDI.d524.s1.p151" e1="DrugDDI.d524.s1.e15" e2="DrugDDI.d524.s1.e17" interaction="false"/><pair id="DrugDDI.d524.s1.p152" e1="DrugDDI.d524.s1.e16" e2="DrugDDI.d524.s1.e17" interaction="false"/></sentence></document>