<?xml version="1.0" encoding="UTF-8"?>
<document id="DrugDDI.d425" origId="Cimetidine"><sentence id="DrugDDI.d425.s0" origId="s0" text="Tagamet, apparently through an effect on certain microsomal enzyme systems, has been reported to reduce the hepatic metabolism of warfarin-type anticoagulants, phenytoin, propranolol, nifedipine, chlordiazepoxide, diazepam, certain tricyclic antidepressants, lidocaine, theophylline and metronidazole, thereby delaying elimination and increasing blood levels of these drugs."><entity id="DrugDDI.d425.s0.e0" origId="s0.p0" charOffset="0-7" type="drug" text="Tagamet"/><entity id="DrugDDI.d425.s0.e1" origId="s0.p3" charOffset="49-66" type="drug" text="microsomal enzyme"/><entity id="DrugDDI.d425.s0.e2" origId="s0.p10" charOffset="144-158" type="drug" text="anticoagulants"/><entity id="DrugDDI.d425.s0.e3" origId="s0.p11" charOffset="160-169" type="drug" text="phenytoin"/><entity id="DrugDDI.d425.s0.e4" origId="s0.p12" charOffset="171-182" type="drug" text="propranolol"/><entity id="DrugDDI.d425.s0.e5" origId="s0.p13" charOffset="184-194" type="drug" text="nifedipine"/><entity id="DrugDDI.d425.s0.e6" origId="s0.p14" charOffset="196-212" type="drug" text="chlordiazepoxide"/><entity id="DrugDDI.d425.s0.e7" origId="s0.p15" charOffset="214-222" type="drug" text="diazepam"/><entity id="DrugDDI.d425.s0.e8" origId="s0.p16" charOffset="232-257" type="drug" text="tricyclic antidepressants"/><entity id="DrugDDI.d425.s0.e9" origId="s0.p17" charOffset="259-268" type="drug" text="lidocaine"/><entity id="DrugDDI.d425.s0.e10" origId="s0.p18" charOffset="270-282" type="drug" text="theophylline"/><entity id="DrugDDI.d425.s0.e11" origId="s0.p20" charOffset="287-300" type="drug" text="metronidazole"/><entity id="DrugDDI.d425.s0.e12" origId="s0.p26" charOffset="368-373" type="drug" text="drugs"/><pair id="DrugDDI.d425.s0.p0" e1="DrugDDI.d425.s0.e0" e2="DrugDDI.d425.s0.e1" interaction="false"/><pair id="DrugDDI.d425.s0.p1" e1="DrugDDI.d425.s0.e0" e2="DrugDDI.d425.s0.e2" interaction="true"/><pair id="DrugDDI.d425.s0.p2" e1="DrugDDI.d425.s0.e0" e2="DrugDDI.d425.s0.e3" interaction="true"/><pair id="DrugDDI.d425.s0.p3" e1="DrugDDI.d425.s0.e0" e2="DrugDDI.d425.s0.e4" interaction="true"/><pair id="DrugDDI.d425.s0.p4" e1="DrugDDI.d425.s0.e0" e2="DrugDDI.d425.s0.e5" interaction="true"/><pair id="DrugDDI.d425.s0.p5" e1="DrugDDI.d425.s0.e0" e2="DrugDDI.d425.s0.e6" interaction="true"/><pair id="DrugDDI.d425.s0.p6" e1="DrugDDI.d425.s0.e0" e2="DrugDDI.d425.s0.e7" interaction="true"/><pair id="DrugDDI.d425.s0.p7" e1="DrugDDI.d425.s0.e0" e2="DrugDDI.d425.s0.e8" interaction="true"/><pair id="DrugDDI.d425.s0.p8" e1="DrugDDI.d425.s0.e0" e2="DrugDDI.d425.s0.e9" interaction="true"/><pair id="DrugDDI.d425.s0.p9" e1="DrugDDI.d425.s0.e0" e2="DrugDDI.d425.s0.e10" interaction="true"/><pair id="DrugDDI.d425.s0.p10" e1="DrugDDI.d425.s0.e0" e2="DrugDDI.d425.s0.e11" interaction="true"/><pair id="DrugDDI.d425.s0.p11" e1="DrugDDI.d425.s0.e0" e2="DrugDDI.d425.s0.e12" interaction="false"/><pair id="DrugDDI.d425.s0.p12" e1="DrugDDI.d425.s0.e1" e2="DrugDDI.d425.s0.e2" interaction="false"/><pair id="DrugDDI.d425.s0.p13" e1="DrugDDI.d425.s0.e1" e2="DrugDDI.d425.s0.e3" interaction="false"/><pair id="DrugDDI.d425.s0.p14" e1="DrugDDI.d425.s0.e1" e2="DrugDDI.d425.s0.e4" interaction="false"/><pair id="DrugDDI.d425.s0.p15" e1="DrugDDI.d425.s0.e1" e2="DrugDDI.d425.s0.e5" interaction="false"/><pair id="DrugDDI.d425.s0.p16" e1="DrugDDI.d425.s0.e1" e2="DrugDDI.d425.s0.e6" interaction="false"/><pair id="DrugDDI.d425.s0.p17" e1="DrugDDI.d425.s0.e1" e2="DrugDDI.d425.s0.e7" interaction="false"/><pair id="DrugDDI.d425.s0.p18" e1="DrugDDI.d425.s0.e1" e2="DrugDDI.d425.s0.e8" interaction="false"/><pair id="DrugDDI.d425.s0.p19" e1="DrugDDI.d425.s0.e1" e2="DrugDDI.d425.s0.e9" interaction="false"/><pair id="DrugDDI.d425.s0.p20" e1="DrugDDI.d425.s0.e1" e2="DrugDDI.d425.s0.e10" interaction="false"/><pair id="DrugDDI.d425.s0.p21" e1="DrugDDI.d425.s0.e1" e2="DrugDDI.d425.s0.e11" interaction="false"/><pair id="DrugDDI.d425.s0.p22" e1="DrugDDI.d425.s0.e1" e2="DrugDDI.d425.s0.e12" interaction="false"/><pair id="DrugDDI.d425.s0.p23" e1="DrugDDI.d425.s0.e2" e2="DrugDDI.d425.s0.e3" interaction="false"/><pair id="DrugDDI.d425.s0.p24" e1="DrugDDI.d425.s0.e2" e2="DrugDDI.d425.s0.e4" interaction="false"/><pair id="DrugDDI.d425.s0.p25" e1="DrugDDI.d425.s0.e2" e2="DrugDDI.d425.s0.e5" interaction="false"/><pair id="DrugDDI.d425.s0.p26" e1="DrugDDI.d425.s0.e2" e2="DrugDDI.d425.s0.e6" interaction="false"/><pair id="DrugDDI.d425.s0.p27" e1="DrugDDI.d425.s0.e2" e2="DrugDDI.d425.s0.e7" interaction="false"/><pair id="DrugDDI.d425.s0.p28" e1="DrugDDI.d425.s0.e2" e2="DrugDDI.d425.s0.e8" interaction="false"/><pair id="DrugDDI.d425.s0.p29" e1="DrugDDI.d425.s0.e2" e2="DrugDDI.d425.s0.e9" interaction="false"/><pair id="DrugDDI.d425.s0.p30" e1="DrugDDI.d425.s0.e2" e2="DrugDDI.d425.s0.e10" interaction="false"/><pair id="DrugDDI.d425.s0.p31" e1="DrugDDI.d425.s0.e2" e2="DrugDDI.d425.s0.e11" interaction="false"/><pair id="DrugDDI.d425.s0.p32" e1="DrugDDI.d425.s0.e2" e2="DrugDDI.d425.s0.e12" interaction="false"/><pair id="DrugDDI.d425.s0.p33" e1="DrugDDI.d425.s0.e3" e2="DrugDDI.d425.s0.e4" interaction="false"/><pair id="DrugDDI.d425.s0.p34" e1="DrugDDI.d425.s0.e3" e2="DrugDDI.d425.s0.e5" interaction="false"/><pair id="DrugDDI.d425.s0.p35" e1="DrugDDI.d425.s0.e3" e2="DrugDDI.d425.s0.e6" interaction="false"/><pair id="DrugDDI.d425.s0.p36" e1="DrugDDI.d425.s0.e3" e2="DrugDDI.d425.s0.e7" interaction="false"/><pair id="DrugDDI.d425.s0.p37" e1="DrugDDI.d425.s0.e3" e2="DrugDDI.d425.s0.e8" interaction="false"/><pair id="DrugDDI.d425.s0.p38" e1="DrugDDI.d425.s0.e3" e2="DrugDDI.d425.s0.e9" interaction="false"/><pair id="DrugDDI.d425.s0.p39" e1="DrugDDI.d425.s0.e3" e2="DrugDDI.d425.s0.e10" interaction="false"/><pair id="DrugDDI.d425.s0.p40" e1="DrugDDI.d425.s0.e3" e2="DrugDDI.d425.s0.e11" interaction="false"/><pair id="DrugDDI.d425.s0.p41" e1="DrugDDI.d425.s0.e3" e2="DrugDDI.d425.s0.e12" interaction="false"/><pair id="DrugDDI.d425.s0.p42" e1="DrugDDI.d425.s0.e4" e2="DrugDDI.d425.s0.e5" interaction="false"/><pair id="DrugDDI.d425.s0.p43" e1="DrugDDI.d425.s0.e4" e2="DrugDDI.d425.s0.e6" interaction="false"/><pair id="DrugDDI.d425.s0.p44" e1="DrugDDI.d425.s0.e4" e2="DrugDDI.d425.s0.e7" interaction="false"/><pair id="DrugDDI.d425.s0.p45" e1="DrugDDI.d425.s0.e4" e2="DrugDDI.d425.s0.e8" interaction="false"/><pair id="DrugDDI.d425.s0.p46" e1="DrugDDI.d425.s0.e4" e2="DrugDDI.d425.s0.e9" interaction="false"/><pair id="DrugDDI.d425.s0.p47" e1="DrugDDI.d425.s0.e4" e2="DrugDDI.d425.s0.e10" interaction="false"/><pair id="DrugDDI.d425.s0.p48" e1="DrugDDI.d425.s0.e4" e2="DrugDDI.d425.s0.e11" interaction="false"/><pair id="DrugDDI.d425.s0.p49" e1="DrugDDI.d425.s0.e4" e2="DrugDDI.d425.s0.e12" interaction="false"/><pair id="DrugDDI.d425.s0.p50" e1="DrugDDI.d425.s0.e5" e2="DrugDDI.d425.s0.e6" interaction="false"/><pair id="DrugDDI.d425.s0.p51" e1="DrugDDI.d425.s0.e5" e2="DrugDDI.d425.s0.e7" interaction="false"/><pair id="DrugDDI.d425.s0.p52" e1="DrugDDI.d425.s0.e5" e2="DrugDDI.d425.s0.e8" interaction="false"/><pair id="DrugDDI.d425.s0.p53" e1="DrugDDI.d425.s0.e5" e2="DrugDDI.d425.s0.e9" interaction="false"/><pair id="DrugDDI.d425.s0.p54" e1="DrugDDI.d425.s0.e5" e2="DrugDDI.d425.s0.e10" interaction="false"/><pair id="DrugDDI.d425.s0.p55" e1="DrugDDI.d425.s0.e5" e2="DrugDDI.d425.s0.e11" interaction="false"/><pair id="DrugDDI.d425.s0.p56" e1="DrugDDI.d425.s0.e5" e2="DrugDDI.d425.s0.e12" interaction="false"/><pair id="DrugDDI.d425.s0.p57" e1="DrugDDI.d425.s0.e6" e2="DrugDDI.d425.s0.e7" interaction="false"/><pair id="DrugDDI.d425.s0.p58" e1="DrugDDI.d425.s0.e6" e2="DrugDDI.d425.s0.e8" interaction="false"/><pair id="DrugDDI.d425.s0.p59" e1="DrugDDI.d425.s0.e6" e2="DrugDDI.d425.s0.e9" interaction="false"/><pair id="DrugDDI.d425.s0.p60" e1="DrugDDI.d425.s0.e6" e2="DrugDDI.d425.s0.e10" interaction="false"/><pair id="DrugDDI.d425.s0.p61" e1="DrugDDI.d425.s0.e6" e2="DrugDDI.d425.s0.e11" interaction="false"/><pair id="DrugDDI.d425.s0.p62" e1="DrugDDI.d425.s0.e6" e2="DrugDDI.d425.s0.e12" interaction="false"/><pair id="DrugDDI.d425.s0.p63" e1="DrugDDI.d425.s0.e7" e2="DrugDDI.d425.s0.e8" interaction="false"/><pair id="DrugDDI.d425.s0.p64" e1="DrugDDI.d425.s0.e7" e2="DrugDDI.d425.s0.e9" interaction="false"/><pair id="DrugDDI.d425.s0.p65" e1="DrugDDI.d425.s0.e7" e2="DrugDDI.d425.s0.e10" interaction="false"/><pair id="DrugDDI.d425.s0.p66" e1="DrugDDI.d425.s0.e7" e2="DrugDDI.d425.s0.e11" interaction="false"/><pair id="DrugDDI.d425.s0.p67" e1="DrugDDI.d425.s0.e7" e2="DrugDDI.d425.s0.e12" interaction="false"/><pair id="DrugDDI.d425.s0.p68" e1="DrugDDI.d425.s0.e8" e2="DrugDDI.d425.s0.e9" interaction="false"/><pair id="DrugDDI.d425.s0.p69" e1="DrugDDI.d425.s0.e8" e2="DrugDDI.d425.s0.e10" interaction="false"/><pair id="DrugDDI.d425.s0.p70" e1="DrugDDI.d425.s0.e8" e2="DrugDDI.d425.s0.e11" interaction="false"/><pair id="DrugDDI.d425.s0.p71" e1="DrugDDI.d425.s0.e8" e2="DrugDDI.d425.s0.e12" interaction="false"/><pair id="DrugDDI.d425.s0.p72" e1="DrugDDI.d425.s0.e9" e2="DrugDDI.d425.s0.e10" interaction="false"/><pair id="DrugDDI.d425.s0.p73" e1="DrugDDI.d425.s0.e9" e2="DrugDDI.d425.s0.e11" interaction="false"/><pair id="DrugDDI.d425.s0.p74" e1="DrugDDI.d425.s0.e9" e2="DrugDDI.d425.s0.e12" interaction="false"/><pair id="DrugDDI.d425.s0.p75" e1="DrugDDI.d425.s0.e10" e2="DrugDDI.d425.s0.e11" interaction="false"/><pair id="DrugDDI.d425.s0.p76" e1="DrugDDI.d425.s0.e10" e2="DrugDDI.d425.s0.e12" interaction="false"/><pair id="DrugDDI.d425.s0.p77" e1="DrugDDI.d425.s0.e11" e2="DrugDDI.d425.s0.e12" interaction="false"/></sentence><sentence id="DrugDDI.d425.s1" origId="s1" text="Clinically significant effects have been reported with the warfarin anticoagulants;"><entity id="DrugDDI.d425.s1.e0" origId="s1.p31" charOffset="68-82" type="drug" text="anticoagulants"/></sentence><sentence id="DrugDDI.d425.s2" origId="s2" text="therefore, close monitoring of prothrombin time is recommended, and adjustment of the anticoagulant dose may be necessary when Tagamet is administered concomitantly."><entity id="DrugDDI.d425.s2.e0" origId="s2.p41" charOffset="86-99" type="drug" text="anticoagulant"/><entity id="DrugDDI.d425.s2.e1" origId="s2.p46" charOffset="127-134" type="drug" text="Tagamet"/><pair id="DrugDDI.d425.s2.p0" e1="DrugDDI.d425.s2.e0" e2="DrugDDI.d425.s2.e1" interaction="true"/></sentence><sentence id="DrugDDI.d425.s3" origId="s3" text="Interaction with phenytoin, lidocaine and theophylline has also been reported to produce adverse clinical effects."><entity id="DrugDDI.d425.s3.e0" origId="s3.p51" charOffset="17-26" type="drug" text="phenytoin"/><entity id="DrugDDI.d425.s3.e1" origId="s3.p52" charOffset="28-37" type="drug" text="lidocaine"/><entity id="DrugDDI.d425.s3.e2" origId="s3.p54" charOffset="42-54" type="drug" text="theophylline"/><pair id="DrugDDI.d425.s3.p0" e1="DrugDDI.d425.s3.e0" e2="DrugDDI.d425.s3.e1" interaction="false"/><pair id="DrugDDI.d425.s3.p1" e1="DrugDDI.d425.s3.e0" e2="DrugDDI.d425.s3.e2" interaction="false"/><pair id="DrugDDI.d425.s3.p2" e1="DrugDDI.d425.s3.e1" e2="DrugDDI.d425.s3.e2" interaction="false"/></sentence><sentence id="DrugDDI.d425.s4" origId="s4" text="However, a crossover study in healthy subjects receiving either Tagamet 300 mg q.i.d. or 800 mg h.s. concomitantly with a 300 mg b.i.d. dosage of theophylline (Theo-Dur?, Key Pharmaceuticals, Inc.) demonstrated less alteration in steady-state theophylline peak serum levels with the 800 mg h.s. regimen, particularly in subjects aged 54 years and older."><entity id="DrugDDI.d425.s4.e0" origId="s4.p67" charOffset="64-76" type="drug" text="Tagamet 300"/><entity id="DrugDDI.d425.s4.e1" origId="s4.p71" charOffset="146-158" type="drug" text="theophylline"/><entity id="DrugDDI.d425.s4.e2" origId="s4.p79" charOffset="243-255" type="drug" text="theophylline"/><pair id="DrugDDI.d425.s4.p0" e1="DrugDDI.d425.s4.e0" e2="DrugDDI.d425.s4.e1" interaction="true"/><pair id="DrugDDI.d425.s4.p1" e1="DrugDDI.d425.s4.e0" e2="DrugDDI.d425.s4.e2" interaction="false"/><pair id="DrugDDI.d425.s4.p2" e1="DrugDDI.d425.s4.e1" e2="DrugDDI.d425.s4.e2" interaction="false"/></sentence><sentence id="DrugDDI.d425.s5" origId="s5" text="Data beyond 10 days are not available."/><sentence id="DrugDDI.d425.s6" origId="s6" text="(Note: All patients receiving theophylline should be monitored appropriately, regardless of concomitant drug therapy.)"><entity id="DrugDDI.d425.s6.e0" origId="s6.p94" charOffset="30-42" type="drug" text="theophylline"/></sentence><sentence id="DrugDDI.d425.s7" origId="s7" text="Dosage of the drugs mentioned above and other similarly metabolized drugs, particularly those of low therapeutic ratio or in patients with renal and/or hepatic impairment, may require adjustment when starting or stopping concomitantly administered Tagamet to maintain optimum therapeutic blood levels."><entity id="DrugDDI.d425.s7.e0" origId="s7.p102" charOffset="14-19" type="drug" text="drugs"/><entity id="DrugDDI.d425.s7.e1" origId="s7.p106" charOffset="68-73" type="drug" text="drugs"/><entity id="DrugDDI.d425.s7.e2" origId="s7.p120" charOffset="248-255" type="drug" text="Tagamet"/><pair id="DrugDDI.d425.s7.p0" e1="DrugDDI.d425.s7.e0" e2="DrugDDI.d425.s7.e1" interaction="false"/><pair id="DrugDDI.d425.s7.p1" e1="DrugDDI.d425.s7.e0" e2="DrugDDI.d425.s7.e2" interaction="false"/><pair id="DrugDDI.d425.s7.p2" e1="DrugDDI.d425.s7.e1" e2="DrugDDI.d425.s7.e2" interaction="false"/></sentence><sentence id="DrugDDI.d425.s8" origId="s8" text="Alteration of pH may affect absorption of certain drugs (e.g., ketoconazole)."><entity id="DrugDDI.d425.s8.e0" origId="s8.p128" charOffset="50-55" type="drug" text="drugs"/><entity id="DrugDDI.d425.s8.e1" origId="s8.p131" charOffset="63-75" type="drug" text="ketoconazole"/><pair id="DrugDDI.d425.s8.p0" e1="DrugDDI.d425.s8.e0" e2="DrugDDI.d425.s8.e1" interaction="false"/></sentence><sentence id="DrugDDI.d425.s9" origId="s9" text="If these products are needed, they should be given at least 2 hours before cimetidine administration."><entity id="DrugDDI.d425.s9.e0" origId="s9.p142" charOffset="75-85" type="drug" text="cimetidine"/></sentence><sentence id="DrugDDI.d425.s10" origId="s10" text="Additional clinical experience may reveal other drugs affected by the concomitant administration of Tagamet."><entity id="DrugDDI.d425.s10.e0" origId="s10.p146" charOffset="48-53" type="drug" text="drugs"/><entity id="DrugDDI.d425.s10.e1" origId="s10.p149" charOffset="100-107" type="drug" text="Tagamet"/><pair id="DrugDDI.d425.s10.p0" e1="DrugDDI.d425.s10.e0" e2="DrugDDI.d425.s10.e1" interaction="true"/></sentence></document>