<?xml version="1.0" encoding="UTF-8"?>
<document id="DrugDDI.d472" origId="Ciprofloxacin"><sentence id="DrugDDI.d472.s0" origId="s0" text="Some quinolones, including ciprofloxacin, have also been shown to interfere with the metabolism of caffeine."><entity id="DrugDDI.d472.s0.e0" origId="s0.p0" charOffset="5-15" type="drug" text="quinolones"/><entity id="DrugDDI.d472.s0.e1" origId="s0.p2" charOffset="27-40" type="drug" text="ciprofloxacin"/><entity id="DrugDDI.d472.s0.e2" origId="s0.p10" charOffset="99-107" type="drug" text="caffeine"/><pair id="DrugDDI.d472.s0.p0" e1="DrugDDI.d472.s0.e0" e2="DrugDDI.d472.s0.e1" interaction="false"/><pair id="DrugDDI.d472.s0.p1" e1="DrugDDI.d472.s0.e0" e2="DrugDDI.d472.s0.e2" interaction="true"/><pair id="DrugDDI.d472.s0.p2" e1="DrugDDI.d472.s0.e1" e2="DrugDDI.d472.s0.e2" interaction="true"/></sentence><sentence id="DrugDDI.d472.s1" origId="s1" text="This may lead to reduced clearance of caffeine and a prolongation of its serum half-life."><entity id="DrugDDI.d472.s1.e0" origId="s1.p15" charOffset="38-46" type="drug" text="caffeine"/></sentence><sentence id="DrugDDI.d472.s2" origId="s2" text="Some quinolones, including ciprofloxacin, have been associated with transient elevations in serum creatinine in patients receiving cyclosporine concomitantly."><entity id="DrugDDI.d472.s2.e0" origId="s2.p19" charOffset="5-15" type="drug" text="quinolones"/><entity id="DrugDDI.d472.s2.e1" origId="s2.p21" charOffset="27-40" type="drug" text="ciprofloxacin"/><entity id="DrugDDI.d472.s2.e2" origId="s2.p29" charOffset="131-143" type="drug" text="cyclosporine"/><pair id="DrugDDI.d472.s2.p0" e1="DrugDDI.d472.s2.e0" e2="DrugDDI.d472.s2.e1" interaction="false"/><pair id="DrugDDI.d472.s2.p1" e1="DrugDDI.d472.s2.e0" e2="DrugDDI.d472.s2.e2" interaction="true"/><pair id="DrugDDI.d472.s2.p2" e1="DrugDDI.d472.s2.e1" e2="DrugDDI.d472.s2.e2" interaction="true"/></sentence><sentence id="DrugDDI.d472.s3" origId="s3" text="Glyburide The concomitant administration of ciprofloxacin with the sulfonylurea glyburide has, on rare occasions, resulted in severe hypoglycemia."><entity id="DrugDDI.d472.s3.e0" origId="s3.p30" charOffset="0-9" type="drug" text="Glyburide"/><entity id="DrugDDI.d472.s3.e1" origId="s3.p32" charOffset="44-57" type="drug" text="ciprofloxacin"/><entity id="DrugDDI.d472.s3.e2" origId="s3.p33" charOffset="67-79" type="drug" text="sulfonylurea"/><pair id="DrugDDI.d472.s3.p0" e1="DrugDDI.d472.s3.e0" e2="DrugDDI.d472.s3.e1" interaction="false"/><pair id="DrugDDI.d472.s3.p1" e1="DrugDDI.d472.s3.e0" e2="DrugDDI.d472.s3.e2" interaction="false"/><pair id="DrugDDI.d472.s3.p2" e1="DrugDDI.d472.s3.e1" e2="DrugDDI.d472.s3.e2" interaction="true"/></sentence><sentence id="DrugDDI.d472.s4" origId="s4" text="Histamine H2-receptor antagonists Histamine H2-receptor antagonists appear to have no significant effect on the bioavailability of ciprofloxacin."><entity id="DrugDDI.d472.s4.e0" origId="s4.p39" charOffset="0-33" type="drug" text="histamine h2-receptor antagonists"/><entity id="DrugDDI.d472.s4.e1" origId="s4.p45" charOffset="131-144" type="drug" text="ciprofloxacin"/><pair id="DrugDDI.d472.s4.p0" e1="DrugDDI.d472.s4.e0" e2="DrugDDI.d472.s4.e1" interaction="false"/></sentence><sentence id="DrugDDI.d472.s5" origId="s5" text="Methotrexate Renal tubular transport of methotrexate may be inhibited by concomitant administration of ciprofloxacin, potentially leading to increased plasma levels of methotrexate."><entity id="DrugDDI.d472.s5.e0" origId="s5.p46" charOffset="0-12" type="drug" text="Methotrexate"/><entity id="DrugDDI.d472.s5.e1" origId="s5.p47" charOffset="40-52" type="drug" text="methotrexate"/><entity id="DrugDDI.d472.s5.e2" origId="s5.p52" charOffset="103-116" type="drug" text="ciprofloxacin"/><entity id="DrugDDI.d472.s5.e3" origId="s5.p55" charOffset="168-180" type="drug" text="methotrexate"/><pair id="DrugDDI.d472.s5.p0" e1="DrugDDI.d472.s5.e0" e2="DrugDDI.d472.s5.e1" interaction="false"/><pair id="DrugDDI.d472.s5.p1" e1="DrugDDI.d472.s5.e0" e2="DrugDDI.d472.s5.e2" interaction="false"/><pair id="DrugDDI.d472.s5.p2" e1="DrugDDI.d472.s5.e0" e2="DrugDDI.d472.s5.e3" interaction="false"/><pair id="DrugDDI.d472.s5.p3" e1="DrugDDI.d472.s5.e1" e2="DrugDDI.d472.s5.e2" interaction="true"/><pair id="DrugDDI.d472.s5.p4" e1="DrugDDI.d472.s5.e1" e2="DrugDDI.d472.s5.e3" interaction="false"/><pair id="DrugDDI.d472.s5.p5" e1="DrugDDI.d472.s5.e2" e2="DrugDDI.d472.s5.e3" interaction="false"/></sentence><sentence id="DrugDDI.d472.s6" origId="s6" text="This might increase the risk of methotrexate toxic reactions."><entity id="DrugDDI.d472.s6.e0" origId="s6.p60" charOffset="32-44" type="drug" text="methotrexate"/></sentence><sentence id="DrugDDI.d472.s7" origId="s7" text="Therefore, patients under methotrexate therapy should be carefully monitored when concomitant ciprofloxacin therapy is indicated."><entity id="DrugDDI.d472.s7.e0" origId="s7.p63" charOffset="26-38" type="drug" text="methotrexate"/><entity id="DrugDDI.d472.s7.e1" origId="s7.p69" charOffset="94-107" type="drug" text="ciprofloxacin"/><pair id="DrugDDI.d472.s7.p0" e1="DrugDDI.d472.s7.e0" e2="DrugDDI.d472.s7.e1" interaction="true"/></sentence><sentence id="DrugDDI.d472.s8" origId="s8" text="Multivalent Cation-Containing Products Concurrent administration of a quinolone, including ciprofloxacin, with multivalent cation-containing products such as magnesium or aluminum antacids, sucralfate, VIDEX chewable/buffered tablets or pediatric powder, or products containing calcium, iron, or zinc may substantially decrease the absorption of ciprofloxacin, resulting in serum and urine levels considerably lower than desired."><entity id="DrugDDI.d472.s8.e0" origId="s8.p72" charOffset="12-18" type="drug" text="Cation"/><entity id="DrugDDI.d472.s8.e1" origId="s8.p73" charOffset="70-80" type="drug" text="quinolone"/><entity id="DrugDDI.d472.s8.e2" origId="s8.p75" charOffset="91-104" type="drug" text="ciprofloxacin"/><entity id="DrugDDI.d472.s8.e3" origId="s8.p76" charOffset="123-129" type="drug" text="cation"/><entity id="DrugDDI.d472.s8.e4" origId="s8.p77" charOffset="158-167" type="drug" text="magnesium"/><entity id="DrugDDI.d472.s8.e5" origId="s8.p79" charOffset="171-188" type="drug" text="aluminum antacids"/><entity id="DrugDDI.d472.s8.e6" origId="s8.p80" charOffset="190-200" type="drug" text="sucralfate"/><entity id="DrugDDI.d472.s8.e7" origId="s8.p81" charOffset="202-207" type="drug" text="VIDEX"/><entity id="DrugDDI.d472.s8.e8" origId="s8.p82" charOffset="217-223" type="drug" text="buffer"/><entity id="DrugDDI.d472.s8.e9" origId="s8.p84" charOffset="237-246" type="drug" text="pediatric"/><entity id="DrugDDI.d472.s8.e10" origId="s8.p88" charOffset="278-285" type="drug" text="calcium"/><entity id="DrugDDI.d472.s8.e11" origId="s8.p89" charOffset="287-291" type="drug" text="iron"/><entity id="DrugDDI.d472.s8.e12" origId="s8.p91" charOffset="296-300" type="drug" text="zinc"/><entity id="DrugDDI.d472.s8.e13" origId="s8.p96" charOffset="346-359" type="drug" text="ciprofloxacin"/><pair id="DrugDDI.d472.s8.p0" e1="DrugDDI.d472.s8.e0" e2="DrugDDI.d472.s8.e1" interaction="false"/><pair id="DrugDDI.d472.s8.p1" e1="DrugDDI.d472.s8.e0" e2="DrugDDI.d472.s8.e2" interaction="false"/><pair id="DrugDDI.d472.s8.p2" e1="DrugDDI.d472.s8.e0" e2="DrugDDI.d472.s8.e3" interaction="true"/><pair id="DrugDDI.d472.s8.p3" e1="DrugDDI.d472.s8.e0" e2="DrugDDI.d472.s8.e4" interaction="false"/><pair id="DrugDDI.d472.s8.p4" e1="DrugDDI.d472.s8.e0" e2="DrugDDI.d472.s8.e5" interaction="false"/><pair id="DrugDDI.d472.s8.p5" e1="DrugDDI.d472.s8.e0" e2="DrugDDI.d472.s8.e6" interaction="false"/><pair id="DrugDDI.d472.s8.p6" e1="DrugDDI.d472.s8.e0" e2="DrugDDI.d472.s8.e7" interaction="false"/><pair id="DrugDDI.d472.s8.p7" e1="DrugDDI.d472.s8.e0" e2="DrugDDI.d472.s8.e8" interaction="false"/><pair id="DrugDDI.d472.s8.p8" e1="DrugDDI.d472.s8.e0" e2="DrugDDI.d472.s8.e9" interaction="false"/><pair id="DrugDDI.d472.s8.p9" e1="DrugDDI.d472.s8.e0" e2="DrugDDI.d472.s8.e10" interaction="false"/><pair id="DrugDDI.d472.s8.p10" e1="DrugDDI.d472.s8.e0" e2="DrugDDI.d472.s8.e11" interaction="false"/><pair id="DrugDDI.d472.s8.p11" e1="DrugDDI.d472.s8.e0" e2="DrugDDI.d472.s8.e12" interaction="false"/><pair id="DrugDDI.d472.s8.p12" e1="DrugDDI.d472.s8.e0" e2="DrugDDI.d472.s8.e13" interaction="false"/><pair id="DrugDDI.d472.s8.p13" e1="DrugDDI.d472.s8.e1" e2="DrugDDI.d472.s8.e2" interaction="false"/><pair id="DrugDDI.d472.s8.p14" e1="DrugDDI.d472.s8.e1" e2="DrugDDI.d472.s8.e3" interaction="true"/><pair id="DrugDDI.d472.s8.p15" e1="DrugDDI.d472.s8.e1" e2="DrugDDI.d472.s8.e4" interaction="true"/><pair id="DrugDDI.d472.s8.p16" e1="DrugDDI.d472.s8.e1" e2="DrugDDI.d472.s8.e5" interaction="true"/><pair id="DrugDDI.d472.s8.p17" e1="DrugDDI.d472.s8.e1" e2="DrugDDI.d472.s8.e6" interaction="true"/><pair id="DrugDDI.d472.s8.p18" e1="DrugDDI.d472.s8.e1" e2="DrugDDI.d472.s8.e7" interaction="true"/><pair id="DrugDDI.d472.s8.p19" e1="DrugDDI.d472.s8.e1" e2="DrugDDI.d472.s8.e8" interaction="false"/><pair id="DrugDDI.d472.s8.p20" e1="DrugDDI.d472.s8.e1" e2="DrugDDI.d472.s8.e9" interaction="true"/><pair id="DrugDDI.d472.s8.p21" e1="DrugDDI.d472.s8.e1" e2="DrugDDI.d472.s8.e10" interaction="false"/><pair id="DrugDDI.d472.s8.p22" e1="DrugDDI.d472.s8.e1" e2="DrugDDI.d472.s8.e11" interaction="true"/><pair id="DrugDDI.d472.s8.p23" e1="DrugDDI.d472.s8.e1" e2="DrugDDI.d472.s8.e12" interaction="true"/><pair id="DrugDDI.d472.s8.p24" e1="DrugDDI.d472.s8.e1" e2="DrugDDI.d472.s8.e13" interaction="false"/><pair id="DrugDDI.d472.s8.p25" e1="DrugDDI.d472.s8.e2" e2="DrugDDI.d472.s8.e3" interaction="true"/><pair id="DrugDDI.d472.s8.p26" e1="DrugDDI.d472.s8.e2" e2="DrugDDI.d472.s8.e4" interaction="true"/><pair id="DrugDDI.d472.s8.p27" e1="DrugDDI.d472.s8.e2" e2="DrugDDI.d472.s8.e5" interaction="true"/><pair id="DrugDDI.d472.s8.p28" e1="DrugDDI.d472.s8.e2" e2="DrugDDI.d472.s8.e6" interaction="true"/><pair id="DrugDDI.d472.s8.p29" e1="DrugDDI.d472.s8.e2" e2="DrugDDI.d472.s8.e7" interaction="true"/><pair id="DrugDDI.d472.s8.p30" e1="DrugDDI.d472.s8.e2" e2="DrugDDI.d472.s8.e8" interaction="false"/><pair id="DrugDDI.d472.s8.p31" e1="DrugDDI.d472.s8.e2" e2="DrugDDI.d472.s8.e9" interaction="true"/><pair id="DrugDDI.d472.s8.p32" e1="DrugDDI.d472.s8.e2" e2="DrugDDI.d472.s8.e10" interaction="false"/><pair id="DrugDDI.d472.s8.p33" e1="DrugDDI.d472.s8.e2" e2="DrugDDI.d472.s8.e11" interaction="true"/><pair id="DrugDDI.d472.s8.p34" e1="DrugDDI.d472.s8.e2" e2="DrugDDI.d472.s8.e12" interaction="true"/><pair id="DrugDDI.d472.s8.p35" e1="DrugDDI.d472.s8.e2" e2="DrugDDI.d472.s8.e13" interaction="false"/><pair id="DrugDDI.d472.s8.p36" e1="DrugDDI.d472.s8.e3" e2="DrugDDI.d472.s8.e4" interaction="false"/><pair id="DrugDDI.d472.s8.p37" e1="DrugDDI.d472.s8.e3" e2="DrugDDI.d472.s8.e5" interaction="false"/><pair id="DrugDDI.d472.s8.p38" e1="DrugDDI.d472.s8.e3" e2="DrugDDI.d472.s8.e6" interaction="false"/><pair id="DrugDDI.d472.s8.p39" e1="DrugDDI.d472.s8.e3" e2="DrugDDI.d472.s8.e7" interaction="false"/><pair id="DrugDDI.d472.s8.p40" e1="DrugDDI.d472.s8.e3" e2="DrugDDI.d472.s8.e8" interaction="false"/><pair id="DrugDDI.d472.s8.p41" e1="DrugDDI.d472.s8.e3" e2="DrugDDI.d472.s8.e9" interaction="false"/><pair id="DrugDDI.d472.s8.p42" e1="DrugDDI.d472.s8.e3" e2="DrugDDI.d472.s8.e10" interaction="false"/><pair id="DrugDDI.d472.s8.p43" e1="DrugDDI.d472.s8.e3" e2="DrugDDI.d472.s8.e11" interaction="false"/><pair id="DrugDDI.d472.s8.p44" e1="DrugDDI.d472.s8.e3" e2="DrugDDI.d472.s8.e12" interaction="false"/><pair id="DrugDDI.d472.s8.p45" e1="DrugDDI.d472.s8.e3" e2="DrugDDI.d472.s8.e13" interaction="false"/><pair id="DrugDDI.d472.s8.p46" e1="DrugDDI.d472.s8.e4" e2="DrugDDI.d472.s8.e5" interaction="false"/><pair id="DrugDDI.d472.s8.p47" e1="DrugDDI.d472.s8.e4" e2="DrugDDI.d472.s8.e6" interaction="false"/><pair id="DrugDDI.d472.s8.p48" e1="DrugDDI.d472.s8.e4" e2="DrugDDI.d472.s8.e7" interaction="false"/><pair id="DrugDDI.d472.s8.p49" e1="DrugDDI.d472.s8.e4" e2="DrugDDI.d472.s8.e8" interaction="false"/><pair id="DrugDDI.d472.s8.p50" e1="DrugDDI.d472.s8.e4" e2="DrugDDI.d472.s8.e9" interaction="false"/><pair id="DrugDDI.d472.s8.p51" e1="DrugDDI.d472.s8.e4" e2="DrugDDI.d472.s8.e10" interaction="false"/><pair id="DrugDDI.d472.s8.p52" e1="DrugDDI.d472.s8.e4" e2="DrugDDI.d472.s8.e11" interaction="false"/><pair id="DrugDDI.d472.s8.p53" e1="DrugDDI.d472.s8.e4" e2="DrugDDI.d472.s8.e12" interaction="false"/><pair id="DrugDDI.d472.s8.p54" e1="DrugDDI.d472.s8.e4" e2="DrugDDI.d472.s8.e13" interaction="false"/><pair id="DrugDDI.d472.s8.p55" e1="DrugDDI.d472.s8.e5" e2="DrugDDI.d472.s8.e6" interaction="false"/><pair id="DrugDDI.d472.s8.p56" e1="DrugDDI.d472.s8.e5" e2="DrugDDI.d472.s8.e7" interaction="false"/><pair id="DrugDDI.d472.s8.p57" e1="DrugDDI.d472.s8.e5" e2="DrugDDI.d472.s8.e8" interaction="false"/><pair id="DrugDDI.d472.s8.p58" e1="DrugDDI.d472.s8.e5" e2="DrugDDI.d472.s8.e9" interaction="false"/><pair id="DrugDDI.d472.s8.p59" e1="DrugDDI.d472.s8.e5" e2="DrugDDI.d472.s8.e10" interaction="false"/><pair id="DrugDDI.d472.s8.p60" e1="DrugDDI.d472.s8.e5" e2="DrugDDI.d472.s8.e11" interaction="false"/><pair id="DrugDDI.d472.s8.p61" e1="DrugDDI.d472.s8.e5" e2="DrugDDI.d472.s8.e12" interaction="false"/><pair id="DrugDDI.d472.s8.p62" e1="DrugDDI.d472.s8.e5" e2="DrugDDI.d472.s8.e13" interaction="false"/><pair id="DrugDDI.d472.s8.p63" e1="DrugDDI.d472.s8.e6" e2="DrugDDI.d472.s8.e7" interaction="false"/><pair id="DrugDDI.d472.s8.p64" e1="DrugDDI.d472.s8.e6" e2="DrugDDI.d472.s8.e8" interaction="false"/><pair id="DrugDDI.d472.s8.p65" e1="DrugDDI.d472.s8.e6" e2="DrugDDI.d472.s8.e9" interaction="false"/><pair id="DrugDDI.d472.s8.p66" e1="DrugDDI.d472.s8.e6" e2="DrugDDI.d472.s8.e10" interaction="false"/><pair id="DrugDDI.d472.s8.p67" e1="DrugDDI.d472.s8.e6" e2="DrugDDI.d472.s8.e11" interaction="false"/><pair id="DrugDDI.d472.s8.p68" e1="DrugDDI.d472.s8.e6" e2="DrugDDI.d472.s8.e12" interaction="false"/><pair id="DrugDDI.d472.s8.p69" e1="DrugDDI.d472.s8.e6" e2="DrugDDI.d472.s8.e13" interaction="false"/><pair id="DrugDDI.d472.s8.p70" e1="DrugDDI.d472.s8.e7" e2="DrugDDI.d472.s8.e8" interaction="false"/><pair id="DrugDDI.d472.s8.p71" e1="DrugDDI.d472.s8.e7" e2="DrugDDI.d472.s8.e9" interaction="false"/><pair id="DrugDDI.d472.s8.p72" e1="DrugDDI.d472.s8.e7" e2="DrugDDI.d472.s8.e10" interaction="false"/><pair id="DrugDDI.d472.s8.p73" e1="DrugDDI.d472.s8.e7" e2="DrugDDI.d472.s8.e11" interaction="false"/><pair id="DrugDDI.d472.s8.p74" e1="DrugDDI.d472.s8.e7" e2="DrugDDI.d472.s8.e12" interaction="false"/><pair id="DrugDDI.d472.s8.p75" e1="DrugDDI.d472.s8.e7" e2="DrugDDI.d472.s8.e13" interaction="false"/><pair id="DrugDDI.d472.s8.p76" e1="DrugDDI.d472.s8.e8" e2="DrugDDI.d472.s8.e9" interaction="false"/><pair id="DrugDDI.d472.s8.p77" e1="DrugDDI.d472.s8.e8" e2="DrugDDI.d472.s8.e10" interaction="false"/><pair id="DrugDDI.d472.s8.p78" e1="DrugDDI.d472.s8.e8" e2="DrugDDI.d472.s8.e11" interaction="false"/><pair id="DrugDDI.d472.s8.p79" e1="DrugDDI.d472.s8.e8" e2="DrugDDI.d472.s8.e12" interaction="false"/><pair id="DrugDDI.d472.s8.p80" e1="DrugDDI.d472.s8.e8" e2="DrugDDI.d472.s8.e13" interaction="false"/><pair id="DrugDDI.d472.s8.p81" e1="DrugDDI.d472.s8.e9" e2="DrugDDI.d472.s8.e10" interaction="false"/><pair id="DrugDDI.d472.s8.p82" e1="DrugDDI.d472.s8.e9" e2="DrugDDI.d472.s8.e11" interaction="false"/><pair id="DrugDDI.d472.s8.p83" e1="DrugDDI.d472.s8.e9" e2="DrugDDI.d472.s8.e12" interaction="false"/><pair id="DrugDDI.d472.s8.p84" e1="DrugDDI.d472.s8.e9" e2="DrugDDI.d472.s8.e13" interaction="false"/><pair id="DrugDDI.d472.s8.p85" e1="DrugDDI.d472.s8.e10" e2="DrugDDI.d472.s8.e11" interaction="false"/><pair id="DrugDDI.d472.s8.p86" e1="DrugDDI.d472.s8.e10" e2="DrugDDI.d472.s8.e12" interaction="false"/><pair id="DrugDDI.d472.s8.p87" e1="DrugDDI.d472.s8.e10" e2="DrugDDI.d472.s8.e13" interaction="false"/><pair id="DrugDDI.d472.s8.p88" e1="DrugDDI.d472.s8.e11" e2="DrugDDI.d472.s8.e12" interaction="false"/><pair id="DrugDDI.d472.s8.p89" e1="DrugDDI.d472.s8.e11" e2="DrugDDI.d472.s8.e13" interaction="false"/><pair id="DrugDDI.d472.s8.p90" e1="DrugDDI.d472.s8.e12" e2="DrugDDI.d472.s8.e13" interaction="false"/></sentence><sentence id="DrugDDI.d472.s9" origId="s9" text="Proquin XR should be administered at least 4 hours before or 2 hours after these products."/><sentence id="DrugDDI.d472.s10" origId="s10" text="This time window is different than for other oral formulations of ciprofloxacin, which are usually administered 2 hours before or 6 hours after antacids."><entity id="DrugDDI.d472.s10.e0" origId="s10.p117" charOffset="66-79" type="drug" text="ciprofloxacin"/><entity id="DrugDDI.d472.s10.e1" origId="s10.p126" charOffset="144-152" type="drug" text="antacids"/><pair id="DrugDDI.d472.s10.p0" e1="DrugDDI.d472.s10.e0" e2="DrugDDI.d472.s10.e1" interaction="false"/></sentence><sentence id="DrugDDI.d472.s11" origId="s11" text="Non-steroidal anti-inflammatory drugs (but not aspirin) These drugs in combination with very high doses of quinolones have been shown to provoke convulsions in pre-clinical studies."><entity id="DrugDDI.d472.s11.e0" origId="s11.p127" charOffset="0-37" type="drug" text="non-steroidal anti-inflammatory drugs"/><entity id="DrugDDI.d472.s11.e1" origId="s11.p130" charOffset="47-54" type="drug" text="aspirin"/><entity id="DrugDDI.d472.s11.e2" origId="s11.p132" charOffset="62-67" type="drug" text="drugs"/><entity id="DrugDDI.d472.s11.e3" origId="s11.p135" charOffset="107-117" type="drug" text="quinolones"/><pair id="DrugDDI.d472.s11.p0" e1="DrugDDI.d472.s11.e0" e2="DrugDDI.d472.s11.e1" interaction="false"/><pair id="DrugDDI.d472.s11.p1" e1="DrugDDI.d472.s11.e0" e2="DrugDDI.d472.s11.e2" interaction="false"/><pair id="DrugDDI.d472.s11.p2" e1="DrugDDI.d472.s11.e0" e2="DrugDDI.d472.s11.e3" interaction="false"/><pair id="DrugDDI.d472.s11.p3" e1="DrugDDI.d472.s11.e1" e2="DrugDDI.d472.s11.e2" interaction="false"/><pair id="DrugDDI.d472.s11.p4" e1="DrugDDI.d472.s11.e1" e2="DrugDDI.d472.s11.e3" interaction="false"/><pair id="DrugDDI.d472.s11.p5" e1="DrugDDI.d472.s11.e2" e2="DrugDDI.d472.s11.e3" interaction="true"/></sentence><sentence id="DrugDDI.d472.s12" origId="s12" text="Omeprazole The rate and extent of absorption of ciprofloxacin was bioequivalent when Proquin XR was given alone or when Proquin XR was given 2 hours after omeprazole at the dose that maximally suppresses gastric acid secretion."><entity id="DrugDDI.d472.s12.e0" origId="s12.p143" charOffset="0-10" type="drug" text="Omeprazole"/><entity id="DrugDDI.d472.s12.e1" origId="s12.p147" charOffset="48-61" type="drug" text="ciprofloxacin"/><entity id="DrugDDI.d472.s12.e2" origId="s12.p161" charOffset="155-165" type="drug" text="omeprazole"/><pair id="DrugDDI.d472.s12.p0" e1="DrugDDI.d472.s12.e0" e2="DrugDDI.d472.s12.e1" interaction="false"/><pair id="DrugDDI.d472.s12.p1" e1="DrugDDI.d472.s12.e0" e2="DrugDDI.d472.s12.e2" interaction="false"/><pair id="DrugDDI.d472.s12.p2" e1="DrugDDI.d472.s12.e1" e2="DrugDDI.d472.s12.e2" interaction="false"/></sentence><sentence id="DrugDDI.d472.s13" origId="s13" text="Omeprazole should be taken as directed and Proquin XR should be taken with a main meal of the day, preferably the evening meal.."><entity id="DrugDDI.d472.s13.e0" origId="s13.p166" charOffset="0-10" type="drug" text="Omeprazole"/></sentence><sentence id="DrugDDI.d472.s14" origId="s14" text="Phenytoin Altered serum levels of phenytoin (increased and decreased) have been reported in patients receiving concomitant ciprofloxacin."><entity id="DrugDDI.d472.s14.e0" origId="s14.p180" charOffset="0-9" type="drug" text="Phenytoin"/><entity id="DrugDDI.d472.s14.e1" origId="s14.p183" charOffset="34-43" type="drug" text="phenytoin"/><entity id="DrugDDI.d472.s14.e2" origId="s14.p194" charOffset="123-136" type="drug" text="ciprofloxacin"/><pair id="DrugDDI.d472.s14.p0" e1="DrugDDI.d472.s14.e0" e2="DrugDDI.d472.s14.e1" interaction="false"/><pair id="DrugDDI.d472.s14.p1" e1="DrugDDI.d472.s14.e0" e2="DrugDDI.d472.s14.e2" interaction="false"/><pair id="DrugDDI.d472.s14.p2" e1="DrugDDI.d472.s14.e1" e2="DrugDDI.d472.s14.e2" interaction="true"/></sentence><sentence id="DrugDDI.d472.s15" origId="s15" text="Probenecid Probenecid interferes with renal tubular secretion of ciprofloxacin and produces an increase in the level of ciprofloxacin in serum."><entity id="DrugDDI.d472.s15.e0" origId="s15.p195" charOffset="0-10" type="drug" text="Probenecid"/><entity id="DrugDDI.d472.s15.e1" origId="s15.p198" charOffset="65-78" type="drug" text="ciprofloxacin"/><entity id="DrugDDI.d472.s15.e2" origId="s15.p203" charOffset="120-133" type="drug" text="ciprofloxacin"/><pair id="DrugDDI.d472.s15.p0" e1="DrugDDI.d472.s15.e0" e2="DrugDDI.d472.s15.e1" interaction="true"/><pair id="DrugDDI.d472.s15.p1" e1="DrugDDI.d472.s15.e0" e2="DrugDDI.d472.s15.e2" interaction="true"/><pair id="DrugDDI.d472.s15.p2" e1="DrugDDI.d472.s15.e1" e2="DrugDDI.d472.s15.e2" interaction="false"/></sentence><sentence id="DrugDDI.d472.s16" origId="s16" text="Theophylline As with some other quinolones, concurrent administration of ciprofloxacin with theophylline may lead to elevated serum concentrations of theophylline and prolongation of its elimination half-life."><entity id="DrugDDI.d472.s16.e0" origId="s16.p205" charOffset="0-12" type="drug" text="Theophylline"/><entity id="DrugDDI.d472.s16.e1" origId="s16.p207" charOffset="32-42" type="drug" text="quinolones"/><entity id="DrugDDI.d472.s16.e2" origId="s16.p209" charOffset="73-86" type="drug" text="ciprofloxacin"/><entity id="DrugDDI.d472.s16.e3" origId="s16.p210" charOffset="92-104" type="drug" text="theophylline"/><entity id="DrugDDI.d472.s16.e4" origId="s16.p214" charOffset="150-162" type="drug" text="theophylline"/><pair id="DrugDDI.d472.s16.p0" e1="DrugDDI.d472.s16.e0" e2="DrugDDI.d472.s16.e1" interaction="false"/><pair id="DrugDDI.d472.s16.p1" e1="DrugDDI.d472.s16.e0" e2="DrugDDI.d472.s16.e2" interaction="false"/><pair id="DrugDDI.d472.s16.p2" e1="DrugDDI.d472.s16.e0" e2="DrugDDI.d472.s16.e3" interaction="false"/><pair id="DrugDDI.d472.s16.p3" e1="DrugDDI.d472.s16.e0" e2="DrugDDI.d472.s16.e4" interaction="false"/><pair id="DrugDDI.d472.s16.p4" e1="DrugDDI.d472.s16.e1" e2="DrugDDI.d472.s16.e2" interaction="false"/><pair id="DrugDDI.d472.s16.p5" e1="DrugDDI.d472.s16.e1" e2="DrugDDI.d472.s16.e3" interaction="false"/><pair id="DrugDDI.d472.s16.p6" e1="DrugDDI.d472.s16.e1" e2="DrugDDI.d472.s16.e4" interaction="false"/><pair id="DrugDDI.d472.s16.p7" e1="DrugDDI.d472.s16.e2" e2="DrugDDI.d472.s16.e3" interaction="true"/><pair id="DrugDDI.d472.s16.p8" e1="DrugDDI.d472.s16.e2" e2="DrugDDI.d472.s16.e4" interaction="false"/><pair id="DrugDDI.d472.s16.p9" e1="DrugDDI.d472.s16.e3" e2="DrugDDI.d472.s16.e4" interaction="false"/></sentence><sentence id="DrugDDI.d472.s17" origId="s17" text="This may result in increased risk of theophylline-related adverse reactions."/><sentence id="DrugDDI.d472.s18" origId="s18" text="If concomitant use cannot be avoided, serum levels of theophylline should be monitored and dosage adjustments made as appropriate."><entity id="DrugDDI.d472.s18.e0" origId="s18.p229" charOffset="54-66" type="drug" text="theophylline"/></sentence><sentence id="DrugDDI.d472.s19" origId="s19" text="Warfarin Quinolones have been reported to enhance the effects of the oral anticoagulant warfarin or its derivatives."><entity id="DrugDDI.d472.s19.e0" origId="s19.p237" charOffset="9-19" type="drug" text="Quinolones"/><entity id="DrugDDI.d472.s19.e1" origId="s19.p244" charOffset="69-97" type="drug" text="oral anticoagulant warfarin"/><entity id="DrugDDI.d472.s19.e2" origId="s19.p246" charOffset="104-115" type="drug" text="derivatives"/><pair id="DrugDDI.d472.s19.p0" e1="DrugDDI.d472.s19.e0" e2="DrugDDI.d472.s19.e1" interaction="true"/><pair id="DrugDDI.d472.s19.p1" e1="DrugDDI.d472.s19.e0" e2="DrugDDI.d472.s19.e2" interaction="true"/><pair id="DrugDDI.d472.s19.p2" e1="DrugDDI.d472.s19.e1" e2="DrugDDI.d472.s19.e2" interaction="false"/></sentence><sentence id="DrugDDI.d472.s20" origId="s20" text="When these products are administered concomitantly, prothrombin time or other suitable coagulation tests should be monitored."/></document>