<?xml version="1.0" encoding="UTF-8"?>
<document id="DrugDDI.d16" origId="Clomipramine"><sentence id="DrugDDI.d16.s0" origId="s0" text="The risks of using Anafranil in combination with other drugs have not been systematically evaluated."><entity id="DrugDDI.d16.s0.e0" origId="s0.p3" charOffset="19-28" type="drug" text="Anafranil"/><entity id="DrugDDI.d16.s0.e1" origId="s0.p5" charOffset="55-60" type="drug" text="drugs"/><pair id="DrugDDI.d16.s0.p0" e1="DrugDDI.d16.s0.e0" e2="DrugDDI.d16.s0.e1" interaction="false"/></sentence><sentence id="DrugDDI.d16.s1" origId="s1" text="Given the primary CNS effects of Anafranil, caution is advised in using it concomitantly with other CNS-active drugs."><entity id="DrugDDI.d16.s1.e0" origId="s1.p13" charOffset="33-42" type="drug" text="Anafranil"/><entity id="DrugDDI.d16.s1.e1" origId="s1.p20" charOffset="100-116" type="drug" text="cns-active drugs"/><pair id="DrugDDI.d16.s1.p0" e1="DrugDDI.d16.s1.e0" e2="DrugDDI.d16.s1.e1" interaction="true"/></sentence><sentence id="DrugDDI.d16.s2" origId="s2" text="Anafranil should not be used with MAO inhibitors."><entity id="DrugDDI.d16.s2.e0" origId="s2.p21" charOffset="0-9" type="drug" text="Anafranil"/><entity id="DrugDDI.d16.s2.e1" origId="s2.p26" charOffset="34-48" type="drug" text="MAO inhibitors"/><pair id="DrugDDI.d16.s2.p0" e1="DrugDDI.d16.s2.e0" e2="DrugDDI.d16.s2.e1" interaction="true"/></sentence><sentence id="DrugDDI.d16.s3" origId="s3" text="Close supervision and careful adjustment of dosage are required when Anafranil is administered with anticholinergic or sympathomimetic drugs."><entity id="DrugDDI.d16.s3.e0" origId="s3.p34" charOffset="69-78" type="drug" text="Anafranil"/><entity id="DrugDDI.d16.s3.e1" origId="s3.p37" charOffset="100-115" type="drug" text="anticholinergic"/><entity id="DrugDDI.d16.s3.e2" origId="s3.p39" charOffset="119-140" type="drug" text="sympathomimetic drugs"/><pair id="DrugDDI.d16.s3.p0" e1="DrugDDI.d16.s3.e0" e2="DrugDDI.d16.s3.e1" interaction="true"/><pair id="DrugDDI.d16.s3.p1" e1="DrugDDI.d16.s3.e0" e2="DrugDDI.d16.s3.e2" interaction="false"/><pair id="DrugDDI.d16.s3.p2" e1="DrugDDI.d16.s3.e1" e2="DrugDDI.d16.s3.e2" interaction="false"/></sentence><sentence id="DrugDDI.d16.s4" origId="s4" text="Several tricyclic antidepressants have been reported to block the pharmacologic effects of guanethidine, clonidine, or similar agents, and such an effect may be anticipated with CMI because of its structural similarity to other tricyclic antidepressants."><entity id="DrugDDI.d16.s4.e0" origId="s4.p40" charOffset="8-33" type="drug" text="tricyclic antidepressants"/><entity id="DrugDDI.d16.s4.e1" origId="s4.p47" charOffset="91-103" type="drug" text="guanethidine"/><entity id="DrugDDI.d16.s4.e2" origId="s4.p48" charOffset="105-114" type="drug" text="clonidine"/><entity id="DrugDDI.d16.s4.e3" origId="s4.p59" charOffset="228-253" type="drug" text="tricyclic antidepressants"/><pair id="DrugDDI.d16.s4.p0" e1="DrugDDI.d16.s4.e0" e2="DrugDDI.d16.s4.e1" interaction="true"/><pair id="DrugDDI.d16.s4.p1" e1="DrugDDI.d16.s4.e0" e2="DrugDDI.d16.s4.e2" interaction="false"/><pair id="DrugDDI.d16.s4.p2" e1="DrugDDI.d16.s4.e0" e2="DrugDDI.d16.s4.e3" interaction="false"/><pair id="DrugDDI.d16.s4.p3" e1="DrugDDI.d16.s4.e1" e2="DrugDDI.d16.s4.e2" interaction="false"/><pair id="DrugDDI.d16.s4.p4" e1="DrugDDI.d16.s4.e1" e2="DrugDDI.d16.s4.e3" interaction="false"/><pair id="DrugDDI.d16.s4.p5" e1="DrugDDI.d16.s4.e2" e2="DrugDDI.d16.s4.e3" interaction="false"/></sentence><sentence id="DrugDDI.d16.s5" origId="s5" text="The plasma concentration of CMI has been reported to be increased by the concomitant administration of haloperidol;"><entity id="DrugDDI.d16.s5.e0" origId="s5.p69" charOffset="103-114" type="drug" text="haloperidol"/></sentence><sentence id="DrugDDI.d16.s6" origId="s6" text="plasma levels of several closely related tricyclic antidepressants have been reported to be increased by the concomitant administration of methylphenidate or hepatic enzyme inhibitors (e.g., cimetidine, fluoxetine) and decreased by the concomitant administration of hepatic enzyme inducers (e.g., barbiturates, phenytoin), and such an effect may be anticipated with CMI as well."><entity id="DrugDDI.d16.s6.e0" origId="s6.p74" charOffset="41-66" type="drug" text="tricyclic antidepressants"/><entity id="DrugDDI.d16.s6.e1" origId="s6.p82" charOffset="139-154" type="drug" text="methylphenidate"/><entity id="DrugDDI.d16.s6.e2" origId="s6.p84" charOffset="166-183" type="drug" text="enzyme inhibitors"/><entity id="DrugDDI.d16.s6.e3" origId="s6.p87" charOffset="191-201" type="drug" text="cimetidine"/><entity id="DrugDDI.d16.s6.e4" origId="s6.p88" charOffset="203-213" type="drug" text="fluoxetine"/><entity id="DrugDDI.d16.s6.e5" origId="s6.p96" charOffset="297-309" type="drug" text="barbiturates"/><entity id="DrugDDI.d16.s6.e6" origId="s6.p97" charOffset="311-320" type="drug" text="phenytoin"/><pair id="DrugDDI.d16.s6.p0" e1="DrugDDI.d16.s6.e0" e2="DrugDDI.d16.s6.e1" interaction="true"/><pair id="DrugDDI.d16.s6.p1" e1="DrugDDI.d16.s6.e0" e2="DrugDDI.d16.s6.e2" interaction="true"/><pair id="DrugDDI.d16.s6.p2" e1="DrugDDI.d16.s6.e0" e2="DrugDDI.d16.s6.e3" interaction="false"/><pair id="DrugDDI.d16.s6.p3" e1="DrugDDI.d16.s6.e0" e2="DrugDDI.d16.s6.e4" interaction="false"/><pair id="DrugDDI.d16.s6.p4" e1="DrugDDI.d16.s6.e0" e2="DrugDDI.d16.s6.e5" interaction="true"/><pair id="DrugDDI.d16.s6.p5" e1="DrugDDI.d16.s6.e0" e2="DrugDDI.d16.s6.e6" interaction="true"/><pair id="DrugDDI.d16.s6.p6" e1="DrugDDI.d16.s6.e1" e2="DrugDDI.d16.s6.e2" interaction="false"/><pair id="DrugDDI.d16.s6.p7" e1="DrugDDI.d16.s6.e1" e2="DrugDDI.d16.s6.e3" interaction="true"/><pair id="DrugDDI.d16.s6.p8" e1="DrugDDI.d16.s6.e1" e2="DrugDDI.d16.s6.e4" interaction="true"/><pair id="DrugDDI.d16.s6.p9" e1="DrugDDI.d16.s6.e1" e2="DrugDDI.d16.s6.e5" interaction="false"/><pair id="DrugDDI.d16.s6.p10" e1="DrugDDI.d16.s6.e1" e2="DrugDDI.d16.s6.e6" interaction="false"/><pair id="DrugDDI.d16.s6.p11" e1="DrugDDI.d16.s6.e2" e2="DrugDDI.d16.s6.e3" interaction="false"/><pair id="DrugDDI.d16.s6.p12" e1="DrugDDI.d16.s6.e2" e2="DrugDDI.d16.s6.e4" interaction="false"/><pair id="DrugDDI.d16.s6.p13" e1="DrugDDI.d16.s6.e2" e2="DrugDDI.d16.s6.e5" interaction="false"/><pair id="DrugDDI.d16.s6.p14" e1="DrugDDI.d16.s6.e2" e2="DrugDDI.d16.s6.e6" interaction="false"/><pair id="DrugDDI.d16.s6.p15" e1="DrugDDI.d16.s6.e3" e2="DrugDDI.d16.s6.e4" interaction="false"/><pair id="DrugDDI.d16.s6.p16" e1="DrugDDI.d16.s6.e3" e2="DrugDDI.d16.s6.e5" interaction="false"/><pair id="DrugDDI.d16.s6.p17" e1="DrugDDI.d16.s6.e3" e2="DrugDDI.d16.s6.e6" interaction="false"/><pair id="DrugDDI.d16.s6.p18" e1="DrugDDI.d16.s6.e4" e2="DrugDDI.d16.s6.e5" interaction="false"/><pair id="DrugDDI.d16.s6.p19" e1="DrugDDI.d16.s6.e4" e2="DrugDDI.d16.s6.e6" interaction="false"/><pair id="DrugDDI.d16.s6.p20" e1="DrugDDI.d16.s6.e5" e2="DrugDDI.d16.s6.e6" interaction="false"/></sentence><sentence id="DrugDDI.d16.s7" origId="s7" text="Administration of CMI has been reported to increase the plasma levels of phenobarbital, if given concomitantly."><entity id="DrugDDI.d16.s7.e0" origId="s7.p116" charOffset="73-86" type="drug" text="phenobarbital"/></sentence><sentence id="DrugDDI.d16.s8" origId="s8" text="Drugs Metabolized by P450 2D6: The biochemical activity of the drug metabolizing isozyme cytochrome P450 2D6 (debrisoquin hydroxylase) is reduced in a subset of the aucasian population (about 7%-10% of Caucasians are so-called poor metabolizers);"><entity id="DrugDDI.d16.s8.e0" origId="s8.p120" charOffset="0-5" type="drug" text="Drugs"/><entity id="DrugDDI.d16.s8.e1" origId="s8.p122" charOffset="21-30" type="drug" text="P450 2D6"/><entity id="DrugDDI.d16.s8.e2" origId="s8.p125" charOffset="63-67" type="drug" text="drug"/><entity id="DrugDDI.d16.s8.e3" origId="s8.p127" charOffset="110-134" type="drug" text="debrisoquin hydroxylase"/><pair id="DrugDDI.d16.s8.p0" e1="DrugDDI.d16.s8.e0" e2="DrugDDI.d16.s8.e1" interaction="true"/><pair id="DrugDDI.d16.s8.p1" e1="DrugDDI.d16.s8.e0" e2="DrugDDI.d16.s8.e2" interaction="false"/><pair id="DrugDDI.d16.s8.p2" e1="DrugDDI.d16.s8.e0" e2="DrugDDI.d16.s8.e3" interaction="false"/><pair id="DrugDDI.d16.s8.p3" e1="DrugDDI.d16.s8.e1" e2="DrugDDI.d16.s8.e2" interaction="false"/><pair id="DrugDDI.d16.s8.p4" e1="DrugDDI.d16.s8.e1" e2="DrugDDI.d16.s8.e3" interaction="false"/><pair id="DrugDDI.d16.s8.p5" e1="DrugDDI.d16.s8.e2" e2="DrugDDI.d16.s8.e3" interaction="false"/></sentence><sentence id="DrugDDI.d16.s9" origId="s9" text="reliable estimates of the prevalence of reduced P450 2D6 isozyme activity among Asian, African and other populations are not yet available."><entity id="DrugDDI.d16.s9.e0" origId="s9.p142" charOffset="48-65" type="drug" text="P450 2D6 isozyme"/></sentence><sentence id="DrugDDI.d16.s10" origId="s10" text="Poor metabolizers have higher than expected lasma concentrations of tricyclic antidepressants (TCAs) when given usual doses."><entity id="DrugDDI.d16.s10.e0" origId="s10.p152" charOffset="44-49" type="drug" text="lasma"/><entity id="DrugDDI.d16.s10.e1" origId="s10.p153" charOffset="68-93" type="drug" text="tricyclic antidepressants"/><pair id="DrugDDI.d16.s10.p0" e1="DrugDDI.d16.s10.e0" e2="DrugDDI.d16.s10.e1" interaction="false"/></sentence><sentence id="DrugDDI.d16.s11" origId="s11" text="Depending on the fraction of drug metabolized by P450 2D6, the increase in plasma concentration may be small, or quite large (8 fold increase in plasma AUC of the TCA)."><entity id="DrugDDI.d16.s11.e0" origId="s11.p161" charOffset="29-33" type="drug" text="drug"/><entity id="DrugDDI.d16.s11.e1" origId="s11.p163" charOffset="49-58" type="drug" text="P450 2D6"/><pair id="DrugDDI.d16.s11.p0" e1="DrugDDI.d16.s11.e0" e2="DrugDDI.d16.s11.e1" interaction="false"/></sentence><sentence id="DrugDDI.d16.s12" origId="s12" text="In addition, certain drugs inhibit the activity of this isozyme and make normal metabolizers resemble poor metabolizers."><entity id="DrugDDI.d16.s12.e0" origId="s12.p177" charOffset="21-26" type="drug" text="drugs"/><entity id="DrugDDI.d16.s12.e1" origId="s12.p180" charOffset="56-63" type="drug" text="isozyme"/><pair id="DrugDDI.d16.s12.p0" e1="DrugDDI.d16.s12.e0" e2="DrugDDI.d16.s12.e1" interaction="true"/></sentence><sentence id="DrugDDI.d16.s13" origId="s13" text="An individual who is stable on a given dose of TCAmay become abruptly toxic when given one of these inhibiting drugs as concomitant therapy."><entity id="DrugDDI.d16.s13.e0" origId="s13.p196" charOffset="111-116" type="drug" text="drugs"/></sentence><sentence id="DrugDDI.d16.s14" origId="s14" text="The drugs that inhibit cytochrome P450 2D6 include some that are not metabolized by the enzyme (quinidine;"><entity id="DrugDDI.d16.s14.e0" origId="s14.p198" charOffset="4-9" type="drug" text="drugs"/><entity id="DrugDDI.d16.s14.e1" origId="s14.p201" charOffset="23-42" type="drug" text="cytochrome P450 2D6"/><entity id="DrugDDI.d16.s14.e2" origId="s14.p210" charOffset="96-105" type="drug" text="quinidine"/><pair id="DrugDDI.d16.s14.p0" e1="DrugDDI.d16.s14.e0" e2="DrugDDI.d16.s14.e1" interaction="false"/><pair id="DrugDDI.d16.s14.p1" e1="DrugDDI.d16.s14.e0" e2="DrugDDI.d16.s14.e2" interaction="false"/><pair id="DrugDDI.d16.s14.p2" e1="DrugDDI.d16.s14.e1" e2="DrugDDI.d16.s14.e2" interaction="false"/></sentence><sentence id="DrugDDI.d16.s15" origId="s15" text="cimetidine) and many that are substrates for P450 2D6 (many other antidepressants, phenothiazines, and the Type 1C antiarrhythmics propafenone and flecainide)."><entity id="DrugDDI.d16.s15.e0" origId="s15.p212" charOffset="0-10" type="drug" text="cimetidine"/><entity id="DrugDDI.d16.s15.e1" origId="s15.p219" charOffset="45-54" type="drug" text="P450 2D6"/><entity id="DrugDDI.d16.s15.e2" origId="s15.p221" charOffset="66-81" type="drug" text="antidepressants"/><entity id="DrugDDI.d16.s15.e3" origId="s15.p222" charOffset="83-97" type="drug" text="phenothiazines"/><entity id="DrugDDI.d16.s15.e4" origId="s15.p224" charOffset="131-142" type="drug" text="propafenone"/><entity id="DrugDDI.d16.s15.e5" origId="s15.p226" charOffset="147-157" type="drug" text="flecainide"/><pair id="DrugDDI.d16.s15.p0" e1="DrugDDI.d16.s15.e0" e2="DrugDDI.d16.s15.e1" interaction="false"/><pair id="DrugDDI.d16.s15.p1" e1="DrugDDI.d16.s15.e0" e2="DrugDDI.d16.s15.e2" interaction="false"/><pair id="DrugDDI.d16.s15.p2" e1="DrugDDI.d16.s15.e0" e2="DrugDDI.d16.s15.e3" interaction="false"/><pair id="DrugDDI.d16.s15.p3" e1="DrugDDI.d16.s15.e0" e2="DrugDDI.d16.s15.e4" interaction="false"/><pair id="DrugDDI.d16.s15.p4" e1="DrugDDI.d16.s15.e0" e2="DrugDDI.d16.s15.e5" interaction="false"/><pair id="DrugDDI.d16.s15.p5" e1="DrugDDI.d16.s15.e1" e2="DrugDDI.d16.s15.e2" interaction="false"/><pair id="DrugDDI.d16.s15.p6" e1="DrugDDI.d16.s15.e1" e2="DrugDDI.d16.s15.e3" interaction="false"/><pair id="DrugDDI.d16.s15.p7" e1="DrugDDI.d16.s15.e1" e2="DrugDDI.d16.s15.e4" interaction="false"/><pair id="DrugDDI.d16.s15.p8" e1="DrugDDI.d16.s15.e1" e2="DrugDDI.d16.s15.e5" interaction="false"/><pair id="DrugDDI.d16.s15.p9" e1="DrugDDI.d16.s15.e2" e2="DrugDDI.d16.s15.e3" interaction="false"/><pair id="DrugDDI.d16.s15.p10" e1="DrugDDI.d16.s15.e2" e2="DrugDDI.d16.s15.e4" interaction="false"/><pair id="DrugDDI.d16.s15.p11" e1="DrugDDI.d16.s15.e2" e2="DrugDDI.d16.s15.e5" interaction="false"/><pair id="DrugDDI.d16.s15.p12" e1="DrugDDI.d16.s15.e3" e2="DrugDDI.d16.s15.e4" interaction="false"/><pair id="DrugDDI.d16.s15.p13" e1="DrugDDI.d16.s15.e3" e2="DrugDDI.d16.s15.e5" interaction="false"/><pair id="DrugDDI.d16.s15.p14" e1="DrugDDI.d16.s15.e4" e2="DrugDDI.d16.s15.e5" interaction="false"/></sentence><sentence id="DrugDDI.d16.s16" origId="s16" text="While all the selective serotonin reuptake inhibitors (SSRIs), e.g., fluoxetine, sertraline, paroxetine, and fluvoxamine, inhibit P450 2D6, they may vary in the extent of inhibition."><entity id="DrugDDI.d16.s16.e0" origId="s16.p230" charOffset="24-53" type="drug" text="serotonin reuptake inhibitors"/><entity id="DrugDDI.d16.s16.e1" origId="s16.p237" charOffset="69-79" type="drug" text="fluoxetine"/><entity id="DrugDDI.d16.s16.e2" origId="s16.p238" charOffset="81-91" type="drug" text="sertraline"/><entity id="DrugDDI.d16.s16.e3" origId="s16.p239" charOffset="93-103" type="drug" text="paroxetine"/><entity id="DrugDDI.d16.s16.e4" origId="s16.p241" charOffset="109-120" type="drug" text="fluvoxamine"/><entity id="DrugDDI.d16.s16.e5" origId="s16.p243" charOffset="130-139" type="drug" text="P450 2D6"/><pair id="DrugDDI.d16.s16.p0" e1="DrugDDI.d16.s16.e0" e2="DrugDDI.d16.s16.e1" interaction="false"/><pair id="DrugDDI.d16.s16.p1" e1="DrugDDI.d16.s16.e0" e2="DrugDDI.d16.s16.e2" interaction="false"/><pair id="DrugDDI.d16.s16.p2" e1="DrugDDI.d16.s16.e0" e2="DrugDDI.d16.s16.e3" interaction="false"/><pair id="DrugDDI.d16.s16.p3" e1="DrugDDI.d16.s16.e0" e2="DrugDDI.d16.s16.e4" interaction="false"/><pair id="DrugDDI.d16.s16.p4" e1="DrugDDI.d16.s16.e0" e2="DrugDDI.d16.s16.e5" interaction="true"/><pair id="DrugDDI.d16.s16.p5" e1="DrugDDI.d16.s16.e1" e2="DrugDDI.d16.s16.e2" interaction="false"/><pair id="DrugDDI.d16.s16.p6" e1="DrugDDI.d16.s16.e1" e2="DrugDDI.d16.s16.e3" interaction="false"/><pair id="DrugDDI.d16.s16.p7" e1="DrugDDI.d16.s16.e1" e2="DrugDDI.d16.s16.e4" interaction="false"/><pair id="DrugDDI.d16.s16.p8" e1="DrugDDI.d16.s16.e1" e2="DrugDDI.d16.s16.e5" interaction="false"/><pair id="DrugDDI.d16.s16.p9" e1="DrugDDI.d16.s16.e2" e2="DrugDDI.d16.s16.e3" interaction="false"/><pair id="DrugDDI.d16.s16.p10" e1="DrugDDI.d16.s16.e2" e2="DrugDDI.d16.s16.e4" interaction="false"/><pair id="DrugDDI.d16.s16.p11" e1="DrugDDI.d16.s16.e2" e2="DrugDDI.d16.s16.e5" interaction="true"/><pair id="DrugDDI.d16.s16.p12" e1="DrugDDI.d16.s16.e3" e2="DrugDDI.d16.s16.e4" interaction="false"/><pair id="DrugDDI.d16.s16.p13" e1="DrugDDI.d16.s16.e3" e2="DrugDDI.d16.s16.e5" interaction="false"/><pair id="DrugDDI.d16.s16.p14" e1="DrugDDI.d16.s16.e4" e2="DrugDDI.d16.s16.e5" interaction="true"/></sentence><sentence id="DrugDDI.d16.s17" origId="s17" text="Fluvoxamine has also been shown to inhibit P450 1A2, an isoform also involved in TCAmetabolism."><entity id="DrugDDI.d16.s17.e0" origId="s17.p249" charOffset="0-11" type="drug" text="Fluvoxamine"/><entity id="DrugDDI.d16.s17.e1" origId="s17.p256" charOffset="43-47" type="drug" text="P450"/><entity id="DrugDDI.d16.s17.e2" origId="s17.p257" charOffset="56-64" type="drug" text="isoform"/><pair id="DrugDDI.d16.s17.p0" e1="DrugDDI.d16.s17.e0" e2="DrugDDI.d16.s17.e1" interaction="true"/><pair id="DrugDDI.d16.s17.p1" e1="DrugDDI.d16.s17.e0" e2="DrugDDI.d16.s17.e2" interaction="false"/><pair id="DrugDDI.d16.s17.p2" e1="DrugDDI.d16.s17.e1" e2="DrugDDI.d16.s17.e2" interaction="false"/></sentence><sentence id="DrugDDI.d16.s18" origId="s18" text="The extent to which SSRI-TCAinteractions may pose clinical problems will depend on the degree of inhibition and the pharmacokinetics of the SSRI involved."/><sentence id="DrugDDI.d16.s19" origId="s19" text="Nevertheless, caution is indicated in the co-administration of TCAs with any of the SSRIs and also in switching from one class to the other."/><sentence id="DrugDDI.d16.s20" origId="s20" text="Of particular importance, sufficient time must elapse before initiating TCAtreatment in a patient being withdrawn from fluoxetine, given the long half-life of the parent and active metabolite (at least 5 weeks may be necessary)."><entity id="DrugDDI.d16.s20.e0" origId="s20.p295" charOffset="119-129" type="drug" text="fluoxetine"/><entity id="DrugDDI.d16.s20.e1" origId="s20.p300" charOffset="174-191" type="drug" text="active metabolite"/><pair id="DrugDDI.d16.s20.p0" e1="DrugDDI.d16.s20.e0" e2="DrugDDI.d16.s20.e1" interaction="false"/></sentence><sentence id="DrugDDI.d16.s21" origId="s21" text="Concomitant use of agents in the tricyclic antidepressant class (which includes Anafranil) with drugs that can inhibit cytochrome P450 2D6 may require lower doses than usually prescribed for either the tricyclic antidepressant agent or the other drug."><entity id="DrugDDI.d16.s21.e0" origId="s21.p309" charOffset="33-57" type="drug" text="tricyclic antidepressant"/><entity id="DrugDDI.d16.s21.e1" origId="s21.p313" charOffset="80-89" type="drug" text="Anafranil"/><entity id="DrugDDI.d16.s21.e2" origId="s21.p315" charOffset="96-101" type="drug" text="drugs"/><entity id="DrugDDI.d16.s21.e3" origId="s21.p319" charOffset="119-138" type="drug" text="cytochrome P450 2D6"/><entity id="DrugDDI.d16.s21.e4" origId="s21.p327" charOffset="202-226" type="drug" text="tricyclic antidepressant"/><entity id="DrugDDI.d16.s21.e5" origId="s21.p329" charOffset="246-250" type="drug" text="drug"/><pair id="DrugDDI.d16.s21.p0" e1="DrugDDI.d16.s21.e0" e2="DrugDDI.d16.s21.e1" interaction="false"/><pair id="DrugDDI.d16.s21.p1" e1="DrugDDI.d16.s21.e0" e2="DrugDDI.d16.s21.e2" interaction="true"/><pair id="DrugDDI.d16.s21.p2" e1="DrugDDI.d16.s21.e0" e2="DrugDDI.d16.s21.e3" interaction="false"/><pair id="DrugDDI.d16.s21.p3" e1="DrugDDI.d16.s21.e0" e2="DrugDDI.d16.s21.e4" interaction="false"/><pair id="DrugDDI.d16.s21.p4" e1="DrugDDI.d16.s21.e0" e2="DrugDDI.d16.s21.e5" interaction="false"/><pair id="DrugDDI.d16.s21.p5" e1="DrugDDI.d16.s21.e1" e2="DrugDDI.d16.s21.e2" interaction="false"/><pair id="DrugDDI.d16.s21.p6" e1="DrugDDI.d16.s21.e1" e2="DrugDDI.d16.s21.e3" interaction="false"/><pair id="DrugDDI.d16.s21.p7" e1="DrugDDI.d16.s21.e1" e2="DrugDDI.d16.s21.e4" interaction="false"/><pair id="DrugDDI.d16.s21.p8" e1="DrugDDI.d16.s21.e1" e2="DrugDDI.d16.s21.e5" interaction="false"/><pair id="DrugDDI.d16.s21.p9" e1="DrugDDI.d16.s21.e2" e2="DrugDDI.d16.s21.e3" interaction="false"/><pair id="DrugDDI.d16.s21.p10" e1="DrugDDI.d16.s21.e2" e2="DrugDDI.d16.s21.e4" interaction="false"/><pair id="DrugDDI.d16.s21.p11" e1="DrugDDI.d16.s21.e2" e2="DrugDDI.d16.s21.e5" interaction="false"/><pair id="DrugDDI.d16.s21.p12" e1="DrugDDI.d16.s21.e3" e2="DrugDDI.d16.s21.e4" interaction="false"/><pair id="DrugDDI.d16.s21.p13" e1="DrugDDI.d16.s21.e3" e2="DrugDDI.d16.s21.e5" interaction="false"/><pair id="DrugDDI.d16.s21.p14" e1="DrugDDI.d16.s21.e4" e2="DrugDDI.d16.s21.e5" interaction="false"/></sentence><sentence id="DrugDDI.d16.s22" origId="s22" text="Furthermore, whenever one of these drugs is withdrawn from co-therapy, an increased dose of tricyclic antidepressant agent may be required."><entity id="DrugDDI.d16.s22.e0" origId="s22.p333" charOffset="35-40" type="drug" text="drugs"/><entity id="DrugDDI.d16.s22.e1" origId="s22.p338" charOffset="92-116" type="drug" text="tricyclic antidepressant"/><pair id="DrugDDI.d16.s22.p0" e1="DrugDDI.d16.s22.e0" e2="DrugDDI.d16.s22.e1" interaction="false"/></sentence><sentence id="DrugDDI.d16.s23" origId="s23" text="It is desirable to monitor TCAplasma levels whenever an agent of the tricyclic antidepressant class including Anafranil is going to be co-administered with another drug known to be an inhibitor of P450 2D6 (and/or P450 1A2)."><entity id="DrugDDI.d16.s23.e0" origId="s23.p349" charOffset="69-93" type="drug" text="tricyclic antidepressant"/><entity id="DrugDDI.d16.s23.e1" origId="s23.p351" charOffset="110-119" type="drug" text="Anafranil"/><entity id="DrugDDI.d16.s23.e2" origId="s23.p357" charOffset="164-168" type="drug" text="drug"/><entity id="DrugDDI.d16.s23.e3" origId="s23.p362" charOffset="197-206" type="drug" text="P450 2D6"/><entity id="DrugDDI.d16.s23.e4" origId="s23.p364" charOffset="214-218" type="drug" text="P450"/><pair id="DrugDDI.d16.s23.p0" e1="DrugDDI.d16.s23.e0" e2="DrugDDI.d16.s23.e1" interaction="false"/><pair id="DrugDDI.d16.s23.p1" e1="DrugDDI.d16.s23.e0" e2="DrugDDI.d16.s23.e2" interaction="false"/><pair id="DrugDDI.d16.s23.p2" e1="DrugDDI.d16.s23.e0" e2="DrugDDI.d16.s23.e3" interaction="false"/><pair id="DrugDDI.d16.s23.p3" e1="DrugDDI.d16.s23.e0" e2="DrugDDI.d16.s23.e4" interaction="false"/><pair id="DrugDDI.d16.s23.p4" e1="DrugDDI.d16.s23.e1" e2="DrugDDI.d16.s23.e2" interaction="false"/><pair id="DrugDDI.d16.s23.p5" e1="DrugDDI.d16.s23.e1" e2="DrugDDI.d16.s23.e3" interaction="false"/><pair id="DrugDDI.d16.s23.p6" e1="DrugDDI.d16.s23.e1" e2="DrugDDI.d16.s23.e4" interaction="false"/><pair id="DrugDDI.d16.s23.p7" e1="DrugDDI.d16.s23.e2" e2="DrugDDI.d16.s23.e3" interaction="false"/><pair id="DrugDDI.d16.s23.p8" e1="DrugDDI.d16.s23.e2" e2="DrugDDI.d16.s23.e4" interaction="false"/><pair id="DrugDDI.d16.s23.p9" e1="DrugDDI.d16.s23.e3" e2="DrugDDI.d16.s23.e4" interaction="false"/></sentence><sentence id="DrugDDI.d16.s24" origId="s24" text="Because Anafranil is highly bound to serum protein, the administration of Anafranil to patients taking other drugs that are highly bound to protein (e.g., warfarin, digoxin) may cause an increase in plasma concentrations of these drugs, potentially resulting in adverse effects."><entity id="DrugDDI.d16.s24.e0" origId="s24.p367" charOffset="8-17" type="drug" text="Anafranil"/><entity id="DrugDDI.d16.s24.e1" origId="s24.p371" charOffset="43-51" type="drug" text="protein"/><entity id="DrugDDI.d16.s24.e2" origId="s24.p373" charOffset="74-83" type="drug" text="Anafranil"/><entity id="DrugDDI.d16.s24.e3" origId="s24.p376" charOffset="109-114" type="drug" text="drugs"/><entity id="DrugDDI.d16.s24.e4" origId="s24.p381" charOffset="140-147" type="drug" text="protein"/><entity id="DrugDDI.d16.s24.e5" origId="s24.p384" charOffset="155-163" type="drug" text="warfarin"/><entity id="DrugDDI.d16.s24.e6" origId="s24.p385" charOffset="165-172" type="drug" text="digoxin"/><entity id="DrugDDI.d16.s24.e7" origId="s24.p391" charOffset="230-235" type="drug" text="drugs"/><pair id="DrugDDI.d16.s24.p0" e1="DrugDDI.d16.s24.e0" e2="DrugDDI.d16.s24.e1" interaction="false"/><pair id="DrugDDI.d16.s24.p1" e1="DrugDDI.d16.s24.e0" e2="DrugDDI.d16.s24.e2" interaction="false"/><pair id="DrugDDI.d16.s24.p2" e1="DrugDDI.d16.s24.e0" e2="DrugDDI.d16.s24.e3" interaction="true"/><pair id="DrugDDI.d16.s24.p3" e1="DrugDDI.d16.s24.e0" e2="DrugDDI.d16.s24.e4" interaction="false"/><pair id="DrugDDI.d16.s24.p4" e1="DrugDDI.d16.s24.e0" e2="DrugDDI.d16.s24.e5" interaction="true"/><pair id="DrugDDI.d16.s24.p5" e1="DrugDDI.d16.s24.e0" e2="DrugDDI.d16.s24.e6" interaction="true"/><pair id="DrugDDI.d16.s24.p6" e1="DrugDDI.d16.s24.e0" e2="DrugDDI.d16.s24.e7" interaction="false"/><pair id="DrugDDI.d16.s24.p7" e1="DrugDDI.d16.s24.e1" e2="DrugDDI.d16.s24.e2" interaction="false"/><pair id="DrugDDI.d16.s24.p8" e1="DrugDDI.d16.s24.e1" e2="DrugDDI.d16.s24.e3" interaction="false"/><pair id="DrugDDI.d16.s24.p9" e1="DrugDDI.d16.s24.e1" e2="DrugDDI.d16.s24.e4" interaction="false"/><pair id="DrugDDI.d16.s24.p10" e1="DrugDDI.d16.s24.e1" e2="DrugDDI.d16.s24.e5" interaction="false"/><pair id="DrugDDI.d16.s24.p11" e1="DrugDDI.d16.s24.e1" e2="DrugDDI.d16.s24.e6" interaction="false"/><pair id="DrugDDI.d16.s24.p12" e1="DrugDDI.d16.s24.e1" e2="DrugDDI.d16.s24.e7" interaction="false"/><pair id="DrugDDI.d16.s24.p13" e1="DrugDDI.d16.s24.e2" e2="DrugDDI.d16.s24.e3" interaction="false"/><pair id="DrugDDI.d16.s24.p14" e1="DrugDDI.d16.s24.e2" e2="DrugDDI.d16.s24.e4" interaction="false"/><pair id="DrugDDI.d16.s24.p15" e1="DrugDDI.d16.s24.e2" e2="DrugDDI.d16.s24.e5" interaction="false"/><pair id="DrugDDI.d16.s24.p16" e1="DrugDDI.d16.s24.e2" e2="DrugDDI.d16.s24.e6" interaction="false"/><pair id="DrugDDI.d16.s24.p17" e1="DrugDDI.d16.s24.e2" e2="DrugDDI.d16.s24.e7" interaction="false"/><pair id="DrugDDI.d16.s24.p18" e1="DrugDDI.d16.s24.e3" e2="DrugDDI.d16.s24.e4" interaction="false"/><pair id="DrugDDI.d16.s24.p19" e1="DrugDDI.d16.s24.e3" e2="DrugDDI.d16.s24.e5" interaction="false"/><pair id="DrugDDI.d16.s24.p20" e1="DrugDDI.d16.s24.e3" e2="DrugDDI.d16.s24.e6" interaction="false"/><pair id="DrugDDI.d16.s24.p21" e1="DrugDDI.d16.s24.e3" e2="DrugDDI.d16.s24.e7" interaction="false"/><pair id="DrugDDI.d16.s24.p22" e1="DrugDDI.d16.s24.e4" e2="DrugDDI.d16.s24.e5" interaction="false"/><pair id="DrugDDI.d16.s24.p23" e1="DrugDDI.d16.s24.e4" e2="DrugDDI.d16.s24.e6" interaction="false"/><pair id="DrugDDI.d16.s24.p24" e1="DrugDDI.d16.s24.e4" e2="DrugDDI.d16.s24.e7" interaction="false"/><pair id="DrugDDI.d16.s24.p25" e1="DrugDDI.d16.s24.e5" e2="DrugDDI.d16.s24.e6" interaction="false"/><pair id="DrugDDI.d16.s24.p26" e1="DrugDDI.d16.s24.e5" e2="DrugDDI.d16.s24.e7" interaction="false"/><pair id="DrugDDI.d16.s24.p27" e1="DrugDDI.d16.s24.e6" e2="DrugDDI.d16.s24.e7" interaction="false"/></sentence><sentence id="DrugDDI.d16.s25" origId="s25" text="Conversely, adverse effects may result from displacement of protein-bound Anafranil by other highly bound drugs."><entity id="DrugDDI.d16.s25.e0" origId="s25.p400" charOffset="74-83" type="drug" text="Anafranil"/></sentence></document>