<?xml version="1.0" encoding="UTF-8"?>
<document id="DrugDDI.d22" origId="Codeine"><sentence id="DrugDDI.d22.s0" origId="s0" text="Codeine in combination with other narcotic analgesics, general anesthetics, phenothiazines, tranquilizers, sedative-hypnotics, or other CNS depressants (including alcohol) has additive depressant effects."><entity id="DrugDDI.d22.s0.e0" origId="s0.p0" charOffset="0-7" type="drug" text="Codeine"/><entity id="DrugDDI.d22.s0.e1" origId="s0.p2" charOffset="28-52" type="drug" text="other narcotic analgesic"/><entity id="DrugDDI.d22.s0.e2" origId="s0.p3" charOffset="55-74" type="drug" text="general anesthetics"/><entity id="DrugDDI.d22.s0.e3" origId="s0.p4" charOffset="76-90" type="drug" text="phenothiazines"/><entity id="DrugDDI.d22.s0.e4" origId="s0.p5" charOffset="92-105" type="drug" text="tranquilizers"/><entity id="DrugDDI.d22.s0.e5" origId="s0.p6" charOffset="107-125" type="drug" text="sedative-hypnotics"/><entity id="DrugDDI.d22.s0.e6" origId="s0.p8" charOffset="136-151" type="drug" text="CNS depressants"/><entity id="DrugDDI.d22.s0.e7" origId="s0.p11" charOffset="163-170" type="drug" text="alcohol"/><pair id="DrugDDI.d22.s0.p0" e1="DrugDDI.d22.s0.e0" e2="DrugDDI.d22.s0.e1" interaction="false"/><pair id="DrugDDI.d22.s0.p1" e1="DrugDDI.d22.s0.e0" e2="DrugDDI.d22.s0.e2" interaction="false"/><pair id="DrugDDI.d22.s0.p2" e1="DrugDDI.d22.s0.e0" e2="DrugDDI.d22.s0.e3" interaction="false"/><pair id="DrugDDI.d22.s0.p3" e1="DrugDDI.d22.s0.e0" e2="DrugDDI.d22.s0.e4" interaction="false"/><pair id="DrugDDI.d22.s0.p4" e1="DrugDDI.d22.s0.e0" e2="DrugDDI.d22.s0.e5" interaction="false"/><pair id="DrugDDI.d22.s0.p5" e1="DrugDDI.d22.s0.e0" e2="DrugDDI.d22.s0.e6" interaction="false"/><pair id="DrugDDI.d22.s0.p6" e1="DrugDDI.d22.s0.e0" e2="DrugDDI.d22.s0.e7" interaction="false"/><pair id="DrugDDI.d22.s0.p7" e1="DrugDDI.d22.s0.e1" e2="DrugDDI.d22.s0.e2" interaction="false"/><pair id="DrugDDI.d22.s0.p8" e1="DrugDDI.d22.s0.e1" e2="DrugDDI.d22.s0.e3" interaction="false"/><pair id="DrugDDI.d22.s0.p9" e1="DrugDDI.d22.s0.e1" e2="DrugDDI.d22.s0.e4" interaction="false"/><pair id="DrugDDI.d22.s0.p10" e1="DrugDDI.d22.s0.e1" e2="DrugDDI.d22.s0.e5" interaction="false"/><pair id="DrugDDI.d22.s0.p11" e1="DrugDDI.d22.s0.e1" e2="DrugDDI.d22.s0.e6" interaction="false"/><pair id="DrugDDI.d22.s0.p12" e1="DrugDDI.d22.s0.e1" e2="DrugDDI.d22.s0.e7" interaction="false"/><pair id="DrugDDI.d22.s0.p13" e1="DrugDDI.d22.s0.e2" e2="DrugDDI.d22.s0.e3" interaction="false"/><pair id="DrugDDI.d22.s0.p14" e1="DrugDDI.d22.s0.e2" e2="DrugDDI.d22.s0.e4" interaction="false"/><pair id="DrugDDI.d22.s0.p15" e1="DrugDDI.d22.s0.e2" e2="DrugDDI.d22.s0.e5" interaction="false"/><pair id="DrugDDI.d22.s0.p16" e1="DrugDDI.d22.s0.e2" e2="DrugDDI.d22.s0.e6" interaction="false"/><pair id="DrugDDI.d22.s0.p17" e1="DrugDDI.d22.s0.e2" e2="DrugDDI.d22.s0.e7" interaction="false"/><pair id="DrugDDI.d22.s0.p18" e1="DrugDDI.d22.s0.e3" e2="DrugDDI.d22.s0.e4" interaction="false"/><pair id="DrugDDI.d22.s0.p19" e1="DrugDDI.d22.s0.e3" e2="DrugDDI.d22.s0.e5" interaction="false"/><pair id="DrugDDI.d22.s0.p20" e1="DrugDDI.d22.s0.e3" e2="DrugDDI.d22.s0.e6" interaction="false"/><pair id="DrugDDI.d22.s0.p21" e1="DrugDDI.d22.s0.e3" e2="DrugDDI.d22.s0.e7" interaction="false"/><pair id="DrugDDI.d22.s0.p22" e1="DrugDDI.d22.s0.e4" e2="DrugDDI.d22.s0.e5" interaction="false"/><pair id="DrugDDI.d22.s0.p23" e1="DrugDDI.d22.s0.e4" e2="DrugDDI.d22.s0.e6" interaction="false"/><pair id="DrugDDI.d22.s0.p24" e1="DrugDDI.d22.s0.e4" e2="DrugDDI.d22.s0.e7" interaction="false"/><pair id="DrugDDI.d22.s0.p25" e1="DrugDDI.d22.s0.e5" e2="DrugDDI.d22.s0.e6" interaction="false"/><pair id="DrugDDI.d22.s0.p26" e1="DrugDDI.d22.s0.e5" e2="DrugDDI.d22.s0.e7" interaction="false"/><pair id="DrugDDI.d22.s0.p27" e1="DrugDDI.d22.s0.e6" e2="DrugDDI.d22.s0.e7" interaction="false"/></sentence><sentence id="DrugDDI.d22.s1" origId="s1" text="When s.c."/><sentence id="DrugDDI.d22.s2" origId="s2" text="combination therapy is contemplated, the dosage of one or both agents should be reduced."/></document>