<?xml version="1.0" encoding="UTF-8"?>
<document id="DrugDDI.d544" origId="Conivaptan"><sentence id="DrugDDI.d544.s0" origId="s0" text="Digoxin Coadministration of digoxin, a P-glycoprotein substrate, with oral conivaptan resulted in a reduction in clearance and an increase in digoxin Cmax and AUC values."><entity id="DrugDDI.d544.s0.e0" origId="s0.p0" charOffset="0-7" type="drug" text="Digoxin"/><entity id="DrugDDI.d544.s0.e1" origId="s0.p1" charOffset="28-35" type="drug" text="digoxin"/><entity id="DrugDDI.d544.s0.e2" origId="s0.p2" charOffset="41-53" type="drug" text="glycoprotein"/><entity id="DrugDDI.d544.s0.e3" origId="s0.p3" charOffset="75-85" type="drug" text="conivaptan"/><entity id="DrugDDI.d544.s0.e4" origId="s0.p9" charOffset="142-149" type="drug" text="digoxin"/><pair id="DrugDDI.d544.s0.p0" e1="DrugDDI.d544.s0.e0" e2="DrugDDI.d544.s0.e1" interaction="false"/><pair id="DrugDDI.d544.s0.p1" e1="DrugDDI.d544.s0.e0" e2="DrugDDI.d544.s0.e2" interaction="false"/><pair id="DrugDDI.d544.s0.p2" e1="DrugDDI.d544.s0.e0" e2="DrugDDI.d544.s0.e3" interaction="false"/><pair id="DrugDDI.d544.s0.p3" e1="DrugDDI.d544.s0.e0" e2="DrugDDI.d544.s0.e4" interaction="false"/><pair id="DrugDDI.d544.s0.p4" e1="DrugDDI.d544.s0.e1" e2="DrugDDI.d544.s0.e2" interaction="false"/><pair id="DrugDDI.d544.s0.p5" e1="DrugDDI.d544.s0.e1" e2="DrugDDI.d544.s0.e3" interaction="true"/><pair id="DrugDDI.d544.s0.p6" e1="DrugDDI.d544.s0.e1" e2="DrugDDI.d544.s0.e4" interaction="false"/><pair id="DrugDDI.d544.s0.p7" e1="DrugDDI.d544.s0.e2" e2="DrugDDI.d544.s0.e3" interaction="false"/><pair id="DrugDDI.d544.s0.p8" e1="DrugDDI.d544.s0.e2" e2="DrugDDI.d544.s0.e4" interaction="false"/><pair id="DrugDDI.d544.s0.p9" e1="DrugDDI.d544.s0.e3" e2="DrugDDI.d544.s0.e4" interaction="false"/></sentence><sentence id="DrugDDI.d544.s1" origId="s1" text="Therefore, if digoxin is administered with VAPRISOL, the clinician should be alert to the possibility of increases in digoxin levels."><entity id="DrugDDI.d544.s1.e0" origId="s1.p14" charOffset="14-21" type="drug" text="digoxin"/></sentence></document>